N,P,K,temperature,humidity,pH,rainfall,label
29,13,11,13.79,94.3,6.79,116.01,orange
25,29,27,27.96,84.74,6.23,176.42,coconut
28,76,21,34.13,63.92,7.41,73.3,blackgram
112,8,54,31.98,93.25,6.45,21.14,muskmelon
6,12,6,12.2,91.23,6.86,115.26,orange
16,63,21,21.92,65.93,6.89,55.26,lentil
19,59,23,30.95,52.27,9.41,71.22,mothbeans
103,13,54,29.93,82.42,6.97,43.85,watermelon
106,20,48,29.86,89.39,6.74,54.73,watermelon
3,26,40,19.77,87.55,5.66,110.07,pomegranate
111,12,46,27.31,93.01,6.33,22.24,muskmelon
90,15,47,27.01,90.81,6.81,28.09,muskmelon
15,62,18,23.52,60.33,6.61,55.81,lentil
15,42,20,25.04,54.6,5.03,44.88,mothbeans
37,124,195,31.79,82.77,5.99,73.74,grapes
32,24,39,20.98,85.4,6.18,109.27,pomegranate
44,56,57,31.86,91.97,6.87,112.93,papaya
76,55,44,26.45,71.7,7.26,179.73,jute
2,25,41,23.54,86.36,6.3,112.57,pomegranate
102,27,26,27.91,56.63,7.46,151.91,coffee
26,124,202,37.62,80.37,6.05,68.43,grapes
30,29,28,27.06,95.02,5.74,181.79,coconut
70,44,39,23.53,85.62,6.97,169.23,jute
9,41,24,27.8,76.31,7.23,45.95,mungbean
64,56,37,23.98,89.15,7.4,192.79,jute
38,38,21,25.56,63.24,6.95,41.75,mothbeans
6,24,12,20.03,92.04,7.13,108.36,orange
86,92,52,28.4,80.55,5.77,90.64,banana
34,11,14,33.72,91.48,7.35,119.44,orange
96,59,22,23.21,52.46,6.77,103.63,maize
83,42,37,34.14,94.06,6.14,253.11,rice
38,134,199,23.72,92.67,5.74,100.43,apple
41,75,19,34.96,60.37,6.57,75.76,blackgram
5,50,15,31.66,83.27,5.59,35.11,mungbean
30,42,22,27.86,49.26,6.83,41.42,mothbeans
39,135,203,22.15,94.9,5.58,123.19,apple
7,140,196,22.03,84.2,5.66,68.54,grapes
54,47,34,35.54,90.21,6.97,201.03,papaya
29,70,21,25,20.55,5.99,74.03,kidneybeans
12,24,8,24,91,6.32,110.06,orange
24,18,33,28.23,99.15,5.9,141.43,coconut
99,42,41,32.19,94.8,7.37,181.17,rice
27,20,41,22.94,94.27,6.38,109.14,pomegranate
45,78,15,30.35,69.61,6.6,69.19,blackgram
39,51,33,43.6,93.92,6.75,139.9,papaya
4,48,16,31.44,49.82,6.24,65.16,mothbeans
39,34,24,34.34,76.35,6.61,58.46,mungbean
39,6,30,29.28,91.18,6.05,205.24,coconut
108,28,52,27.93,93.27,6.53,22.68,muskmelon
13,75,21,21.77,16.64,6.48,84.39,kidneybeans
3,2,38,19.64,94.08,7.49,118.79,pomegranate
32,5,27,25.72,80.51,5.98,202.43,coconut
30,61,79,20.99,12.86,8.25,74.74,chickpea
27,28,34,30.17,50.38,5.02,86.98,mango
25,37,28,34.66,49.82,5.34,97.17,mango
60,54,35,24.29,85.15,7.21,179.29,jute
44,72,20,32.87,61.77,7.09,71.58,blackgram
35,70,16,19.8,50.47,6.81,101.14,pigeonpeas
108,39,19,23,77.91,5.96,84.02,cotton
63,34,35,24.66,78.69,7.05,158.31,jute
35,135,196,24.98,83,6.18,66.5,grapes
17,56,24,23.92,48.57,5.25,109.22,pigeonpeas
95,23,51,33.59,94.69,6.46,25.73,muskmelon
48,62,78,20.73,17.95,6.32,63.66,chickpea
73,54,38,35.04,96.64,5.63,162.29,rice
58,67,79,20.7,15.19,7.9,81.81,chickpea
2,34,17,29.54,75.83,6.03,49.34,mungbean
38,139,202,21.65,91.87,5.58,118.11,apple
37,72,75,19.26,10.62,7.14,75.16,chickpea
119,24,28,26.75,65.15,7.3,113.81,coffee
46,68,24,32.56,64.66,6.67,76.26,blackgram
27,77,22,34.93,64.43,7.4,131.09,pigeonpeas
55,74,81,17.73,19.66,6.8,87.32,chickpea
5,35,23,29.7,82.63,6.64,55.47,mungbean
19,32,20,33.69,83.16,6.55,51.04,mungbean
31,11,39,18.91,93.56,6.7,119.9,pomegranate
23,135,197,12.23,80.19,6.49,74.29,grapes
99,46,41,23.58,75.35,6.56,162.74,jute
60,68,39,25.34,92.91,6.95,187.05,papaya
107,22,52,29.84,94.02,6.49,24.12,muskmelon
15,8,34,28.95,93.38,6.44,160.47,coconut
68,37,23,22.41,69.07,6.65,100.36,maize
30,61,23,29.17,69.51,5.14,160.77,pigeonpeas
100,30,31,24.42,59.04,6.82,151.21,coffee
35,22,27,25.11,91.26,5.09,195.72,coconut
23,18,32,29.32,49.64,5.63,92.5,mango
109,29,47,24.86,83.64,6.01,47.05,watermelon
50,72,18,25.32,64.14,7.15,64.75,blackgram
22,30,17,28.96,59.52,8.72,67.35,mothbeans
30,32,17,28.24,83.1,7.27,39.28,mungbean
19,58,19,31.92,33.93,7.17,104.78,pigeonpeas
10,125,197,22.97,92.36,5.79,102.33,apple
9,42,15,32.88,77.61,6.13,48.35,mungbean
94,49,19,19.7,65.83,5.56,97.31,maize
30,50,15,25.07,51.93,4.9,68.66,mothbeans
24,30,39,21.96,91.27,6.54,107.29,pomegranate
16,126,200,22.98,90.39,5.65,118.27,apple
67,36,43,23.93,75.53,7.26,177.51,jute
93,50,43,34.59,90.72,7.43,206.78,rice
13,136,199,22.89,94.16,5.54,120.87,apple
11,123,199,36.33,80.47,6.22,73.84,grapes
84,9,48,23.83,85.76,6.29,52.87,watermelon
1,56,23,22.19,67.42,5.55,56.74,lentil
33,78,24,22.17,61.61,6.5,51.86,lentil
86,72,50,29.78,75.69,6.93,115.97,banana
29,70,22,31.11,69.9,5.65,136.04,pigeonpeas
97,37,39,21.38,95.21,6.91,169.26,rice
15,61,18,18.58,57.38,7.1,197.08,pigeonpeas
114,23,53,29.66,84.13,6.45,42.45,watermelon
33,56,20,21.51,42.27,6.72,104.01,pigeonpeas
102,12,52,23.93,84.03,6.01,56.15,watermelon
93,26,25,26.37,53.36,7.35,125.83,coffee
31,26,11,13.93,94.78,7.47,113.07,orange
14,127,195,8.44,82.76,6.36,68.31,grapes
46,64,22,32.49,67.34,7.27,63.9,blackgram
35,69,21,23.38,46.38,5.05,175.83,pigeonpeas
21,51,22,29.44,37.6,6.82,114.46,pigeonpeas
34,144,204,15.76,84.14,5.56,66.38,grapes
26,128,198,31.08,83.93,5.98,65.67,grapes
70,57,16,23.25,73.66,5.94,82.56,maize
82,49,42,26.32,70.28,6.16,160.32,jute
32,55,18,32.64,80.48,5.77,59.87,mungbean
33,26,39,24.69,90.94,5.51,119.4,pomegranate
32,59,15,29.35,51.14,8.93,57.62,mothbeans
99,36,29,25.81,68.05,6.93,198.55,coffee
50,30,48,43.62,90.3,6.69,75.39,papaya
30,72,24,30.75,65.15,7.72,69.81,blackgram
131,37,23,23.74,77.72,7.38,72.02,cotton
66,40,39,23.3,80.62,6.11,165.42,jute
34,126,202,22.12,92.36,6.26,110.92,apple
66,36,16,28.79,58.59,6.93,85.23,maize
84,10,48,22.2,87.28,6.94,45.35,watermelon
91,27,54,32.53,94.62,6.67,21.41,muskmelon
73,45,41,23.78,89.82,7.14,167.57,jute
36,46,45,35.98,90.79,6.78,138.61,papaya
62,41,21,24.58,58.13,7.49,86.53,maize
103,7,47,24.73,83.55,6.81,52.74,watermelon
33,51,24,28.59,60.67,7.5,197.14,pigeonpeas
20,13,32,28.35,80.39,6.15,176.76,coconut
39,78,21,26.78,64.92,6.69,75.37,blackgram
4,61,24,18.8,67.46,6.66,46.97,lentil
115,36,32,27.78,68.36,6.92,155.44,coffee
114,29,54,22.84,88.42,6.4,57.92,watermelon
16,4,36,19.72,93.27,6.43,111.2,pomegranate
37,56,23,23.49,60.8,7.3,38.65,lentil
29,65,81,17.34,19.75,5.7,75.78,chickpea
86,38,35,23.27,88.98,6.88,155.34,jute
110,23,28,25.31,60.01,6.61,159.73,coffee
31,27,34,25.87,82.25,6.09,173.25,coconut
11,37,18,27.01,82.76,6.26,35.57,mungbean
114,39,16,22.06,79.36,6.78,65.89,cotton
66,41,36,23.14,73.5,7.26,171.02,jute
27,31,23,30.81,82.6,6.4,40.04,mungbean
96,24,26,26.85,63.13,6.04,165.4,coffee
14,59,20,20.71,64.05,7.2,93.18,pigeonpeas
96,25,52,27.41,80.08,6.37,44.48,watermelon
13,66,23,24.82,69.01,6.03,50.88,lentil
25,56,23,20.36,18.91,6.13,143.45,kidneybeans
32,120,195,23.68,90.77,6.24,121.77,apple
4,52,17,26.73,60.75,9.29,43.14,mothbeans
11,70,18,29.71,64.44,6.61,38.72,lentil
18,51,23,20.75,38.01,6.02,152.63,pigeonpeas
39,51,46,26.01,94.82,6.53,183.8,papaya
8,11,31,29.82,83.76,6.03,206.98,coconut
26,4,37,23.16,89.53,7.47,116.11,pomegranate
107,17,45,34,93.53,6.62,22.8,muskmelon
94,43,16,28.81,50.07,7.22,67.23,maize
95,90,50,34.1,83.79,6.19,107.28,banana
36,14,31,28.39,81.32,5.39,209.77,coconut
53,65,42,28.53,93.58,6.77,123.32,papaya
87,13,52,23.58,80.73,6.66,47.44,watermelon
34,79,77,20.92,19.48,5.73,79.13,chickpea
110,35,28,24.68,68.48,6.18,185.9,coffee
87,43,36,39.14,86.73,5.23,164.51,rice
82,22,30,27.67,64.29,6.68,132.97,coffee
94,38,27,27.58,58.03,6.7,193.45,coffee
32,20,26,29.7,53.33,6.89,97.04,mango
82,38,43,26.01,70.81,7.38,171.01,jute
23,39,22,31.61,71.57,5.61,53.13,mungbean
43,63,16,26.41,64.15,7.41,71.07,blackgram
91,45,37,24.17,73.19,6.82,157.4,jute
1,20,31,27.56,88.11,5.28,133.96,coconut
89,85,47,32.35,84.53,6,112.2,banana
69,38,20,18.82,69.13,5.91,70.8,maize
32,69,24,28.05,69.43,7.07,79.65,blackgram
22,129,199,22.46,94.8,5.9,119.28,apple
63,47,41,26.7,96.37,6.88,250.92,rice
4,22,26,28.73,81.62,5.14,220.38,coconut
89,23,53,32.93,92.84,6.99,20.15,muskmelon
79,48,37,37.45,88.46,5.53,230.89,rice
26,48,22,28.33,41.06,6.39,57.93,mothbeans
38,23,42,18.32,87.54,6.74,106.05,pomegranate
20,14,41,23.69,92.38,6.41,100.55,pomegranate
35,69,18,20.18,20.1,6.25,89.55,kidneybeans
19,43,17,32.58,73.8,5.87,40.43,mungbean
12,128,196,21.96,92.83,5.91,100.14,apple
61,47,20,28.44,71.85,6.38,86.3,maize
33,10,25,26.1,84.65,5.23,212.7,coconut
46,79,80,20.19,17.25,7.56,60.8,chickpea
23,125,201,23.3,91.85,5.84,120.58,apple
30,6,25,26.72,94.66,5.93,207.68,coconut
114,91,54,33.86,77.09,5.62,104.12,banana
25,18,27,27.83,50.93,6.58,103.64,mango
39,59,82,17.68,17.2,6.96,87.51,chickpea
24,59,19,28.17,70.9,7.14,35.99,mungbean
105,23,26,27.96,63.57,6.99,111.33,coffee
136,44,15,23.84,83.99,6.73,99.18,cotton
110,5,54,34.5,92.99,6.61,20.81,muskmelon
138,59,15,24.37,83.02,6.02,92.96,cotton
15,139,199,16.69,80.92,5.66,67.18,grapes
76,45,44,26.18,82.8,6.46,180.01,jute
101,39,28,23.95,58.95,7.34,159.07,coffee
64,66,47,35.05,94.46,6.85,224.73,papaya
35,11,30,26.55,84.33,5.27,161.72,coconut
32,55,21,28.41,67.24,7.3,60.58,blackgram
15,45,19,31.41,82.26,6.15,49.23,mungbean
32,71,18,15.77,16.62,5.74,143.47,kidneybeans
84,11,52,33.8,91.81,6.35,25.06,muskmelon
129,41,21,23.52,80.41,6.04,95.27,cotton
96,20,31,24.7,63.66,6.44,196.33,coffee
60,58,43,36.63,86.15,5.14,281.7,rice
21,36,23,30.32,49.53,7.03,63.36,mothbeans
67,62,39,29.12,91.75,6.59,148.88,papaya
38,139,195,11.01,81.57,6.43,66.61,grapes
12,126,201,22.81,94.01,5.95,109.32,apple
117,79,54,31.02,79.09,5.68,107.15,banana
30,62,18,28.95,48.98,5.38,166.47,pigeonpeas
18,42,21,27.44,80.34,5.78,54.9,mungbean
27,71,21,24.87,64.76,7.21,45.2,lentil
25,58,20,28.9,65.78,6.75,73.63,blackgram
38,65,23,19.67,65.87,5.67,36.23,lentil
31,35,26,28.5,49.16,4.77,91.54,mango
0,144,200,22.47,91.17,6.42,103.29,apple
14,43,21,34.06,73.34,5.86,42.05,mungbean
85,25,33,26.36,61.93,6.52,159.99,coffee
101,19,51,29.76,83.22,6.73,44.52,watermelon
90,46,36,25.96,89.61,6.86,183.36,jute
23,74,18,26.52,60.29,7.13,36.67,lentil
26,59,21,19.64,20.92,5.99,137.26,kidneybeans
41,79,18,28.41,68.14,7.27,75.69,blackgram
1,14,10,23.13,90.79,6.02,117.94,orange
7,62,21,29.32,69.08,6.22,34.44,lentil
29,129,202,24.92,81.86,6.15,67.1,grapes
57,77,83,18,16.35,7.15,63.76,chickpea
18,70,23,18.85,68.93,6.17,30.98,lentil
93,37,15,26.87,70.29,6.61,89.32,maize
104,7,53,25.73,93.82,6.61,28.41,muskmelon
14,142,201,21.76,91.69,5.8,120.48,apple
63,45,37,20.07,95.42,6.59,189.29,rice
1,5,43,23.84,92.48,7.35,105.66,pomegranate
4,46,22,31.81,59.38,7.38,72.29,mothbeans
98,25,49,25.56,90.61,6.4,29.83,muskmelon
38,6,11,27.2,94.54,6.73,105.6,orange
37,68,31,40.33,94.37,6.87,150.04,papaya
29,24,32,34.7,48.97,4.53,87.29,mango
90,56,44,28.38,94.95,6.37,240.49,rice
117,59,20,23.91,78.87,5.74,67.24,cotton
82,19,53,34.32,92.5,6.4,20.57,muskmelon
83,39,39,26.32,81.89,6.99,160.78,jute
20,74,16,19.13,67.53,6.59,56.17,lentil
106,38,25,25.85,56.55,6.6,151.11,coffee
0,5,25,25.06,85.48,5,172.28,coconut
61,44,43,23.56,85.8,7.05,154.47,jute
15,142,196,31.76,80.6,6.09,74.12,grapes
27,74,21,36.28,31.13,6.75,194.23,pigeonpeas
28,69,17,27.47,66.44,6.3,44.27,lentil
42,47,35,42.83,92.13,6.72,57.3,papaya
8,66,19,28.69,61.45,7.36,43.65,lentil
33,78,21,21.48,68.75,6.73,192.17,pigeonpeas
35,24,6,30.14,93.07,6.68,100.01,orange
51,60,23,29.26,68.12,7.78,73.57,blackgram
10,26,33,28.11,46.36,5.84,99.51,mango
30,74,24,19.22,16.32,5.57,98.31,kidneybeans
83,77,49,26.69,81.14,5.99,90.82,banana
38,65,19,21.85,19.16,6.34,108.87,kidneybeans
111,24,26,25.94,65.46,7.27,134.47,coffee
20,41,21,28.4,89.53,6.9,43.8,mungbean
101,25,27,26.23,62.29,6.19,119.22,coffee
15,60,17,19.35,69.85,5.75,33.31,lentil
37,54,18,18.06,21.99,5.73,125.55,kidneybeans
2,25,13,26.52,91.86,6.62,103.15,orange
88,7,49,26.29,85.93,6.03,54.15,watermelon
26,79,21,26.34,60.72,6.52,74.43,blackgram
22,12,44,20.54,93.12,5.74,117.34,pomegranate
14,120,202,21.75,90.42,5.59,118.17,apple
98,84,45,31.92,81.46,5.5,104.3,banana
39,71,81,18.03,18.22,8.4,79.25,chickpea
39,32,29,34.46,49.95,6.26,92.53,mango
26,25,44,18.4,91.32,6.93,113.21,pomegranate
20,7,11,18.28,94.6,6.24,109.24,orange
113,16,31,23.19,63.74,6.09,186.77,coffee
15,53,22,17.69,23.86,6.27,62.94,kidneybeans
26,14,5,18.24,90.34,6.83,110.7,orange
39,122,196,23.59,92.45,5.75,103.53,apple
33,75,80,19.83,13,7.95,71.05,chickpea
20,75,23,24.51,15.01,6.16,144.9,kidneybeans
94,55,35,37.63,84.88,6.16,241.55,rice
28,132,203,23.98,90.41,5.61,117.48,apple
11,56,19,25.51,57.73,8.24,56.01,mothbeans
94,32,25,27.11,60.15,7.49,162.28,coffee
29,54,24,17.74,21.55,5.75,97.18,kidneybeans
92,85,45,31.78,80.59,5.94,101.44,banana
33,137,203,22.68,92.45,6.29,117.13,apple
92,26,51,21.47,88.76,6.75,44.81,watermelon
30,130,195,23.49,93.02,5.65,118.4,apple
52,65,82,20.54,10.16,6.12,63.03,chickpea
33,57,15,34.86,64.04,6.67,65.88,blackgram
39,70,23,30.37,63.35,7.52,68.28,blackgram
18,35,26,27.53,46.83,6.4,90.19,mango
24,76,16,31.56,69,7.24,79.34,blackgram
97,8,49,23.13,89.35,6.71,49.37,watermelon
61,58,23,25.8,69.78,5.78,74.34,maize
96,93,50,25.37,77.2,5.8,115.9,banana
21,54,24,23.57,20.53,6.41,134.07,kidneybeans
15,78,24,26.07,39.14,6.82,104.43,pigeonpeas
32,57,24,21.36,65.41,5.22,167.99,pigeonpeas
5,45,17,27.4,84.63,6.29,43.37,mungbean
101,9,46,20.94,83.05,6.74,49.05,watermelon
50,78,83,19.94,10.62,5.91,66.22,chickpea
110,25,26,26.61,68.83,6.91,155.53,coffee
116,74,50,28.94,84.46,5.86,116.12,banana
49,75,17,32.25,63.16,7.2,64.17,blackgram
124,41,22,24.4,81.99,6.26,91.52,cotton
0,50,20,29.13,55.46,8.04,56.35,mothbeans
100,31,22,22.45,81.66,6.67,60.35,cotton
21,28,8,17.88,91.15,6.31,106.06,orange
35,63,15,24.58,17.02,6.19,73.19,kidneybeans
66,46,36,32.45,80.54,5.99,234.66,rice
39,67,16,23.26,66.59,5.67,34.3,lentil
61,43,35,24.42,89.75,7.4,182.44,jute
9,128,199,24.32,83.22,5.8,67.69,grapes
19,19,32,28.34,98.76,5.12,140.19,coconut
66,34,58,40.11,94.44,6.65,159.72,papaya
16,13,34,28.6,91.05,5.73,155.33,coconut
39,57,22,26.19,64.09,9.32,50.38,mothbeans
33,69,43,23.86,92.74,6.83,97.5,papaya
25,130,197,23.92,93.44,5.74,120.64,apple
28,62,75,20.79,18.8,8.23,78.78,chickpea
30,67,79,17.39,19.81,6.91,85.19,chickpea
92,8,49,21.47,88.64,6.11,59.4,watermelon
62,39,44,35.41,93.33,6.55,203.99,papaya
3,134,203,12.79,80.91,6.24,72.48,grapes
13,76,20,29.43,60.32,6.36,57.45,lentil
39,31,27,27.21,53.47,5.33,89.84,mango
90,23,49,25.56,83.13,6.61,47.87,watermelon
104,22,26,25.86,63.39,7.1,146.69,coffee
17,129,203,21.76,91.87,5.84,116.96,apple
14,23,27,34.82,47.26,4.52,92.54,mango
8,23,26,32.6,45.74,5.14,92.64,mango
27,127,199,18.79,83.91,6.2,67.87,grapes
105,25,53,25.78,81.29,6.64,59.55,watermelon
13,77,16,26.23,31.84,5.65,124.57,pigeonpeas
34,39,41,34.82,94.07,6.88,65.12,papaya
97,35,33,25.7,67.53,7.27,125.95,coffee
97,38,36,22.14,91.06,5.68,240.72,rice
37,35,37,24.64,94.23,6.79,112.53,pomegranate
19,20,25,27.46,80.63,5.48,132.95,coconut
27,15,38,18.88,85.14,5.72,100.32,pomegranate
24,16,26,31.22,46.55,4.97,85.26,mango
26,21,8,22.98,90.32,6.55,112.85,orange
14,52,23,23.9,42.75,7.38,98.16,pigeonpeas
84,71,49,29.07,79.84,6.11,97.01,banana
93,53,21,24.32,66.15,6.35,78.09,maize
11,31,42,22.71,92.14,6.54,104.95,pomegranate
126,43,22,23.07,76.42,7.33,63.73,cotton
38,36,36,40.65,91.81,6.95,162.52,papaya
32,67,16,25.33,56.02,5.09,186.42,pigeonpeas
33,17,39,23.38,87.45,7.12,106.83,pomegranate
23,72,22,20.5,16.13,5.61,137.51,kidneybeans
5,11,42,24.72,93.33,6.85,114.69,pomegranate
39,35,25,27.63,51.96,5.81,98.09,mango
82,5,47,20.66,81.01,6.23,52.4,watermelon
83,6,49,22.98,87.12,6.87,50.5,watermelon
39,58,21,19.91,20.76,5.74,97.61,kidneybeans
88,17,50,30.48,92.09,6.73,28.48,muskmelon
28,76,75,19.02,12.89,7.95,81.95,chickpea
95,77,53,30.71,84.35,6.06,106.52,banana
20,48,15,29.33,77.96,6.11,54.83,mungbean
21,63,75,20.98,19.35,5.71,88.01,chickpea
114,23,45,25.67,92.79,6.21,21.78,muskmelon
25,58,82,19.42,14.16,7.15,74.12,chickpea
92,41,35,24.93,86.49,6.75,160.55,jute
41,34,52,32.54,90.35,6.99,231.21,papaya
22,19,27,31.88,54.39,4.8,89.28,mango
109,18,53,27.95,90.55,6.71,28.45,muskmelon
91,12,45,29.21,94.92,6.58,26.33,muskmelon
31,56,76,17.17,19.33,7.05,89.67,chickpea
21,57,23,31.67,64.58,7.38,77.49,blackgram
48,75,84,19.25,19.68,7.17,64.02,chickpea
3,131,197,21.6,92.53,5.67,118.67,apple
13,72,20,18.84,24.63,5.81,73.98,kidneybeans
10,49,16,34.1,87.27,5.94,33.39,mungbean
5,42,22,29.99,47.47,7.71,68.73,mothbeans
116,54,16,24.19,77.55,7.33,60.02,cotton
4,42,20,24,42.27,7.13,57.86,mothbeans
80,81,54,29.45,77.22,5.53,98.43,banana
111,24,51,22.75,89.35,6.63,52.77,watermelon
36,68,18,34.78,65.68,7.42,62.26,blackgram
31,24,7,33.32,92.36,7.28,106.07,orange
53,62,78,17.26,15.42,8.17,85.54,chickpea
9,50,18,32.51,79.53,6.5,48.14,mungbean
86,42,44,23.82,73.28,6.15,196.59,jute
10,35,40,22.08,94.72,6.55,111.42,pomegranate
94,40,42,25.13,79.86,6.65,178.12,jute
86,21,29,26.58,57.37,7.09,157.55,coffee
108,47,18,23.19,81.04,6.32,75.04,cotton
25,62,24,24.5,61.32,6.19,43.32,lentil
41,66,54,33.25,93,6.81,123.05,papaya
89,40,38,39.9,93,6.1,227.64,rice
40,74,77,20.96,16.8,5.86,89.25,chickpea
101,34,16,25.45,83.34,6.65,71.17,cotton
91,28,25,23.79,67.84,6.06,139.78,coffee
94,25,49,31.42,94.38,6.14,23.27,muskmelon
110,20,48,22.43,85.12,6.13,50.87,watermelon
38,61,22,15.3,17.73,6.49,109.06,kidneybeans
30,55,82,18.38,17.33,7.38,83.15,chickpea
111,93,45,25.71,75.38,5.8,95.9,banana
62,66,51,40.62,90.49,6.76,179.34,papaya
81,73,48,34.91,78.03,6.23,113.74,banana
32,68,80,17.67,19.42,5.96,79.76,chickpea
99,30,40,24.09,85.89,7.16,159.38,jute
86,81,52,25.42,77.19,5.51,96.69,banana
112,9,45,21.79,85.67,6.61,40.63,watermelon
41,71,19,26.88,63.85,7.7,76.8,blackgram
26,120,201,21.5,91.76,5.93,124.9,apple
111,71,48,29.36,84.6,6.63,99.34,banana
37,71,24,31.83,60.41,7.69,72.75,blackgram
81,77,53,25.65,76.28,6.88,103.26,banana
34,128,203,21.16,92.56,5.94,116.62,apple
27,55,23,29.74,43.99,5.41,188.39,pigeonpeas
82,26,28,25.09,51.84,7.4,172.59,coffee
106,26,47,25.73,94.74,6.9,27.03,muskmelon
37,70,17,32.34,63.45,7.33,75.11,blackgram
116,15,25,24.89,58.22,6.42,136.15,coffee
90,6,51,28.53,85.94,6.97,51.66,watermelon
38,18,33,34.57,46.71,4.55,87.01,mango
10,141,203,37.02,84.88,6.39,69.48,grapes
0,55,22,28.91,84.42,6.82,46.17,mungbean
112,18,53,31.82,93.69,6.55,20.52,muskmelon
112,39,17,22.59,76.55,5.66,83.51,cotton
44,57,78,21,17.19,7.08,83.07,chickpea
23,137,196,9.45,82.83,6.29,71.94,grapes
99,32,41,26.9,78.83,6.2,186.9,jute
16,27,6,15.66,90.92,6.99,106.57,orange
3,29,6,21.89,94.92,7.28,110.73,orange
111,8,48,20.11,83.29,6.47,55.9,watermelon
6,45,19,25.43,63.72,7.46,73.55,mothbeans
61,38,53,34.49,91.61,6.7,113.19,papaya
11,128,199,18.23,80.24,5.54,65.52,grapes
15,69,15,23.47,60.45,5.42,174.09,pigeonpeas
30,51,21,22.3,23.46,5.56,68.62,kidneybeans
14,11,31,26.49,80.7,5.18,143.47,coconut
84,30,43,24.27,76.24,7.23,164.67,jute
133,40,20,22.16,83.93,6.16,61.56,cotton
91,16,46,26.83,93.83,6.92,29.37,muskmelon
24,129,201,21.42,92.62,5.7,115.35,apple
108,27,52,28.57,89.02,6.6,42.26,watermelon
62,58,39,36.44,88.01,5.19,244.42,rice
33,18,25,29.07,80.47,5.05,141.5,coconut
35,43,32,30.46,93.54,6.94,144.93,papaya
13,50,18,32.65,68.76,7.21,144.24,pigeonpeas
5,7,41,18.71,89.16,7.49,106.07,pomegranate
66,53,36,27.59,99.79,6.6,233.54,rice
29,77,16,24.61,63.08,6.3,55.23,lentil
25,79,24,24.34,16.32,6.36,116.84,kidneybeans
82,42,16,26.26,67.49,7.39,85.02,maize
63,45,35,24.37,90.11,5.07,179.83,rice
33,138,200,22.38,90.38,5.87,103.67,apple
0,128,198,22.33,92.31,6.24,105.27,apple
95,53,37,23.2,87.17,6.82,153.71,jute
4,35,22,31.9,75.34,6.63,36.93,mungbean
117,56,22,22.11,81.72,7.36,75.63,cotton
38,122,202,18.83,83.54,5.7,69.8,grapes
110,46,23,22.61,80.54,6.13,68.79,cotton
37,77,15,25.76,45.89,5.82,120.38,pigeonpeas
42,67,48,38.44,94.38,6.84,205.26,papaya
107,82,46,25.69,84.63,5.93,96.99,banana
8,16,7,25.08,94.95,7.2,119.46,orange
98,81,49,33.66,78.25,6.7,109.94,banana
30,57,23,32.48,75.69,6.99,54.26,mungbean
31,70,22,29.53,52.6,7.44,163.68,pigeonpeas
107,80,52,30.38,78.26,5.53,113.56,banana
32,79,20,26.37,68.36,7.53,75.28,blackgram
18,48,18,28.67,54.14,5.69,44.23,mothbeans
24,65,19,21.35,67.68,5.72,37.52,lentil
116,29,49,32.23,91.38,6.98,23.58,muskmelon
20,51,22,29.4,81.24,6.64,41.95,mungbean
76,53,16,22.98,52.48,6.48,80.41,maize
2,15,8,33.13,92.22,6.96,110.77,orange
98,8,54,26.24,86.64,6.3,45.77,watermelon
68,38,44,31.42,89.45,6.96,271.12,rice
6,18,31,29.62,46.45,5.05,99.97,mango
38,137,198,8.84,84.82,5.87,72.01,grapes
68,32,37,26.67,78.18,7.49,182.15,jute
81,55,40,22.96,82.55,5.77,284.85,rice
98,14,46,24.7,81.24,6.97,58.28,watermelon
26,27,33,26.8,81.09,5.94,183.85,coconut
14,51,23,29.13,70.81,5.64,39.12,mungbean
81,32,40,23.37,75.22,6.82,191.41,jute
114,16,45,20.55,88.3,6.65,46.67,watermelon
21,51,16,25.46,30.56,5.81,181.66,pigeonpeas
105,24,53,26.27,82.6,6.55,58.97,watermelon
6,123,198,31.53,80.26,6.23,74.74,grapes
19,32,31,32.86,54.27,6.34,89.85,mango
31,12,11,14.91,90.58,6.13,103.95,orange
28,41,23,29.24,73.6,5.76,47.28,mungbean
39,24,33,26.98,96.47,6.32,224.1,coconut
13,54,19,33.94,87.4,5.95,49.58,mungbean
65,41,16,25.93,50.64,5.53,99.5,maize
94,55,37,35.75,82.16,7.18,278.79,rice
104,25,47,21.7,81.38,6.46,42.53,watermelon
15,77,22,17.45,15.06,5.91,83.3,kidneybeans
109,35,16,22.99,81.4,7.01,62.68,cotton
111,91,51,28.4,84.38,6.67,103.62,banana
21,68,21,21.17,19.83,5.99,60.66,kidneybeans
2,28,33,35.82,48.2,5.41,98.59,mango
12,131,196,21.07,94.05,5.96,114.4,apple
115,43,23,25.67,78.03,6.57,73.08,cotton
26,14,11,27.91,92.39,7.12,117.04,orange
17,25,8,21.1,93.72,7.11,107.61,orange
9,32,17,28.89,78.64,6.26,34.38,mungbean
28,140,200,22.9,91.64,5.89,123.25,apple
107,42,20,22.93,76.47,5.77,88.06,cotton
22,57,16,27.3,77.11,5.78,41.01,mungbean
119,32,18,24.53,80.41,7.11,65.84,cotton
27,63,18,31.72,69.16,7.54,72.91,blackgram
23,45,17,25.36,40.9,4.94,30.01,mothbeans
60,57,45,23.87,94.73,6.65,163.37,papaya
123,58,17,23.89,75.34,5.81,67.66,cotton
38,129,201,24.19,81.31,6.38,71.83,grapes
15,57,20,26.82,61.69,6.42,51.69,mothbeans
34,31,38,18.21,86.46,5.52,116.12,pomegranate
39,4,35,20.61,91.27,6.21,100.95,pomegranate
8,37,21,25.25,42.67,9.02,60.41,mothbeans
78,53,19,25.86,53.86,6.44,108.46,maize
112,58,20,23.54,83.71,6.88,87.81,cotton
92,14,54,31.45,91.88,6.47,26.59,muskmelon
10,131,195,21.35,93.29,5.69,103.5,apple
4,9,9,17.65,93.13,7.36,105.3,orange
98,29,49,33.44,91.09,6.06,29.39,muskmelon
21,29,31,28.51,81.52,5.28,160.53,coconut
16,55,16,29.32,82.74,6.74,38.16,mungbean
19,31,30,30.68,45.39,6.8,92.7,mango
6,33,15,34.03,80.97,5.55,41.91,mungbean
38,34,23,28.41,79.99,7.49,55.48,mungbean
93,59,23,25.36,66.07,5.55,106.45,maize
11,75,18,19.82,39.93,5.89,146.48,pigeonpeas
3,124,196,35.6,80.94,5.99,72.29,grapes
104,7,47,26.19,91.37,6.44,28.85,muskmelon
65,48,18,24.62,63.59,6.41,76.09,maize
25,16,30,28.4,97.79,5.52,217.24,coconut
107,17,33,27.7,52.12,7.07,143.23,coffee
40,63,81,17.65,19.91,7.72,68.98,chickpea
15,16,28,29.97,46,5.64,98.97,mango
94,31,38,26.86,72.74,6.39,168.98,jute
87,47,21,18.55,59.88,6.7,60.38,maize
1,53,20,24.94,52.06,4.28,57.16,mothbeans
93,84,53,28.61,75.98,6.57,114.85,banana
31,61,15,31.13,63.39,7.08,62.6,blackgram
3,126,201,23.54,91.87,5.98,108.62,apple
30,72,24,32.96,67.18,6.66,62.28,blackgram
21,68,20,27.08,61.14,6.42,32.29,lentil
62,59,37,25.65,75.75,6.17,161.74,jute
81,23,48,29.49,92.04,6.45,28.35,muskmelon
98,46,38,24.52,82.49,7.34,166.24,jute
49,37,39,42.81,91.28,6.84,235.43,papaya
97,57,43,27.39,83.15,7.08,255.53,rice
6,28,44,21.3,93.6,6.67,104.03,pomegranate
32,140,197,38.89,80.88,6.47,70.37,grapes
20,6,7,24.64,92.91,6.7,110.74,orange
63,57,16,23.44,66.76,6.99,107.3,maize
17,64,21,34.49,45.89,5.26,146.27,pigeonpeas
23,24,31,29.09,50.87,6.97,89.65,mango
139,33,20,24.46,80.26,7.16,71.38,cotton
38,24,26,35.33,46.76,6.32,91.13,mango
66,62,51,40.84,91.27,6.91,112.25,papaya
23,70,22,28.12,60.53,6.95,75.57,blackgram
107,35,28,25.67,68.55,7.36,176.68,coffee
19,31,29,32.14,45.99,4.66,103.18,mango
112,79,53,30.69,79.94,6.33,109.8,banana
88,59,21,22.22,64.45,5.93,92.84,maize
38,50,16,31.78,82.62,6.77,46.92,mungbean
83,30,37,23.98,76.91,6.51,168.07,jute
6,27,8,26.33,94.87,6.62,112.73,orange
66,44,36,36.53,91.96,6.58,101.28,papaya
2,128,203,35.74,84.1,5.79,66.44,grapes
23,36,23,27.74,78,7.34,52.03,mungbean
96,18,45,24.51,88.33,6.13,48.99,watermelon
38,38,16,29.46,44.67,4.54,53.12,mothbeans
95,20,48,31.59,93.91,6.81,26.08,muskmelon
8,135,204,22.84,91.65,6.1,100.5,apple
25,78,16,29.96,69.94,7.5,64.76,blackgram
93,74,46,30.95,75.68,6.68,95.81,banana
53,62,24,25.49,64.17,6.73,73.44,blackgram
116,5,51,20.69,80.95,6.8,54.47,watermelon
34,73,19,19.99,21.33,5.74,125.87,kidneybeans
30,72,19,32.99,68.62,6.95,61.69,blackgram
28,12,13,32.63,92.23,7.33,103.68,orange
97,12,53,34.71,90.11,6.06,27.74,muskmelon
8,46,17,31.19,75.17,6.47,51.9,mungbean
25,74,75,19.22,13.69,7.91,76.55,chickpea
1,21,29,33.19,54.55,6.13,92.51,mango
62,45,40,28.32,84.14,6.05,285.73,rice
103,28,52,30.25,90.65,6.32,29.55,muskmelon
105,17,52,32.07,91.57,6.92,24.33,muskmelon
21,56,82,18.47,13.83,7.2,78.15,chickpea
85,75,49,32.1,79.75,6.41,118.17,banana
38,71,16,25.54,64.26,6.73,71.92,blackgram
23,56,17,19.23,60.09,6.67,99.43,pigeonpeas
139,30,16,22.53,84.84,6.23,87.43,cotton
120,39,24,25.63,80.66,6.2,72.25,cotton
29,15,32,32.18,51.78,6.97,87.95,mango
5,6,41,20.1,89.35,6.14,116.6,pomegranate
94,22,48,32.15,93.93,6.28,27.63,muskmelon
28,133,202,21.07,83.06,5.82,65.57,grapes
84,56,21,19.81,51.71,6.38,75.14,maize
4,18,27,28.45,50.62,6.63,85.7,mango
6,31,37,23.27,91.54,5.74,109.82,pomegranate
122,55,17,25.82,79.64,5.81,63.94,cotton
86,6,54,34.12,90.13,6.61,28.08,muskmelon
96,37,37,25.12,70.81,7.43,172.46,jute
33,38,23,30.47,53.07,3.65,36.54,mothbeans
23,67,23,27.78,61.33,6.87,77.16,blackgram
16,74,22,33.19,64.69,7.05,146.68,pigeonpeas
111,13,49,31.52,92.35,6.97,26.22,muskmelon
68,40,39,20.58,86.72,6.7,210.65,rice
3,24,43,24.3,89.07,6.23,113.15,pomegranate
16,24,9,34.22,91.77,7.21,119.5,orange
62,46,44,39.92,81.47,5.53,189.78,rice
26,74,21,26.27,61.03,7.56,75.94,blackgram
29,47,20,34.01,85.74,6.54,43.55,mungbean
14,19,29,29.85,48.89,5.65,86.32,mango
115,29,32,27.28,69.07,7.34,119.75,coffee
46,62,20,28.12,68.92,6.92,63.85,blackgram
72,46,40,23.27,89.66,7.31,192.65,jute
96,75,48,30.41,84.58,6.84,112.08,banana
45,57,16,27.03,66.23,6.83,69.17,blackgram
1,36,24,26.89,51.74,6.23,32.09,mothbeans
80,24,54,25.86,91.25,6.54,23.38,muskmelon
10,18,7,10.55,93.86,6.1,115.72,orange
29,79,18,26.47,64.74,6.08,58.32,lentil
47,74,23,28.54,69.7,6.86,60.62,blackgram
67,49,41,24.7,82.4,7.23,186.93,rice
102,75,50,32.82,76.92,6.52,119.76,banana
24,64,19,21.97,18.19,5.8,141.02,kidneybeans
27,77,84,18.59,14.95,8.31,88.86,chickpea
89,48,39,20.19,81.5,7.21,285.59,rice
6,1,42,22.15,87.41,7.05,114.53,pomegranate
17,128,201,22.28,91.42,5.89,120.53,apple
14,37,18,27,86.31,7.2,40.32,mungbean
3,73,19,29.91,68.04,6.08,54.17,lentil
18,136,204,22.88,80.43,6.23,74.17,grapes
20,41,20,29.3,61.2,8.34,57.63,mothbeans
75,40,44,30.19,81.82,5.12,166.45,rice
7,25,33,29.28,48.02,6.92,98.17,mango
71,48,35,24.52,70.81,6.65,151.31,jute
60,48,44,27,93,6.95,247.76,rice
111,80,49,30.8,81.55,6.21,105.38,banana
36,25,25,29.29,49.25,6.24,95.72,mango
20,3,38,23.28,88.61,6.83,103.03,pomegranate
110,22,49,29.27,90.69,6.44,28.97,muskmelon
106,11,47,31.06,92.39,6.12,20.77,muskmelon
90,34,34,23.32,62.56,7.46,154.54,coffee
80,57,18,26.73,70.47,7.13,71.81,maize
82,48,42,23.07,82.49,6.95,196.93,jute
88,45,16,18.25,58.12,7.1,90.91,maize
62,63,55,30.01,93.08,6.87,215.61,papaya
37,140,202,10.44,80.01,6.43,66.49,grapes
12,125,202,21.74,91.36,5.62,119.6,apple
101,16,47,31.68,94.8,6.49,26.68,muskmelon
23,70,83,19.18,13.21,5.74,79.83,chickpea
119,26,50,27.8,81.88,6.28,43.28,watermelon
3,16,34,25.74,92.52,5.83,186.42,coconut
127,30,23,24.66,81.95,7.12,74.35,cotton
106,11,53,20.92,89.02,6.34,55.06,watermelon
25,39,16,29.21,72.39,7.08,30.27,mungbean
12,45,17,29.37,63.76,5.68,32.44,mothbeans
12,53,24,30.71,85.83,6.16,55.31,mungbean
28,26,28,27.7,81.96,6.03,188.92,coconut
117,82,54,33.24,76.44,5.69,111.33,banana
6,135,199,33.75,80.71,6.37,70.47,grapes
82,43,16,22.24,66.63,7,103.4,maize
93,52,16,26.47,61.22,5.51,63.96,maize
123,51,19,22.49,81.44,7.39,82.08,cotton
80,55,17,21.58,64.67,7.5,84.48,maize
98,44,42,21.52,93.81,6.57,165.29,rice
35,55,35,43.31,95,6.94,117.3,papaya
79,54,20,19.31,62.6,7.39,62.17,maize
19,63,15,18.59,15.1,5.64,141.52,kidneybeans
27,60,23,37.91,43.71,7.25,129.52,pigeonpeas
113,50,23,22.91,79.45,6.9,96.47,cotton
48,68,79,20.48,13.33,8.37,60.46,chickpea
20,70,22,24.54,22.7,5.52,66.75,kidneybeans
36,17,5,20.93,90.16,6.76,115.97,orange
21,76,18,22.56,16.4,6.49,132.42,kidneybeans
42,68,82,20.75,19.13,6.03,86.47,chickpea
86,35,28,25.88,59.88,7.12,181.15,coffee
1,137,197,22.88,94.86,6.32,121.58,apple
62,49,40,37.05,83.15,7.4,162.02,rice
30,74,22,20.42,66.62,6.48,37.85,lentil
23,67,83,18.81,15.13,6.87,61.73,chickpea
4,12,11,24.28,90.77,6.23,115.33,orange
98,90,47,34.72,75.01,6.9,104.47,banana
39,70,18,22.53,24.66,5.93,61.05,kidneybeans
23,57,19,27.19,62.83,6.75,60.47,blackgram
103,7,49,25.96,81.07,6.28,57.89,watermelon
34,59,15,28.09,64.76,6.86,35.38,lentil
16,43,24,34.15,88.67,6.05,53.37,mungbean
38,37,26,32.39,46.8,5.89,101.01,mango
36,23,6,28.92,90.6,6.73,112.1,orange
1,19,31,27.46,98.05,5.44,145.46,coconut
85,26,54,34.04,91.77,6.4,25.57,muskmelon
28,34,16,26.58,41.27,9.09,57.7,mothbeans
88,37,28,27.09,60.18,6.28,161.48,coffee
17,51,15,22.89,20.07,6.13,110.1,kidneybeans
26,35,32,32.39,48.09,6.98,87.47,mango
37,58,15,32.8,80.63,5.88,45.79,mungbean
97,21,45,22.51,83.5,6.28,57.18,watermelon
38,8,7,21.44,90.56,6.83,105.91,orange
97,70,46,25.82,80.72,5.54,112.12,banana
25,20,13,28.78,90.76,7.41,112.19,orange
103,57,15,24.78,75.5,5.66,97.28,cotton
116,78,45,31.13,78.03,6.58,97.03,banana
38,59,15,34.9,68.09,7.31,65.74,blackgram
83,53,36,23.22,84.74,6.8,192.86,jute
8,14,28,25.19,88.65,5.7,146.63,coconut
101,31,15,25.57,76.46,6.78,74.78,cotton
32,135,198,8.66,84.13,6.26,71.44,grapes
7,24,25,26.27,99.02,5.63,163.96,coconut
11,75,21,21.41,44.3,6.09,158.4,pigeonpeas
27,56,16,28.22,64.59,5.84,40.31,lentil
33,59,15,21.84,68.78,5.77,34.9,lentil
15,53,20,31.68,43.6,7.56,71.14,mothbeans
112,26,50,33.22,93.41,6.86,26.17,muskmelon
15,58,22,25.58,69.76,5.9,33.82,lentil
28,18,31,28.23,87.91,5.49,209.43,coconut
31,17,10,25.86,93.67,6.85,119.48,orange
91,56,20,23.5,74.1,5.62,83.95,maize
74,52,42,26.34,78.64,7.03,191.68,jute
34,69,48,34.13,93.65,6.87,92.25,papaya
13,34,24,30.54,77.05,6.13,59.74,mungbean
67,44,22,24,70.83,7.11,63.6,maize
48,62,76,20.66,12.95,7.34,66.57,chickpea
12,18,8,31.48,92.47,6.7,116.52,orange
5,130,203,21.17,93.19,5.56,102.44,apple
115,19,48,26.02,85.27,6.1,45.56,watermelon
32,70,17,25.73,36.52,6.43,196.14,pigeonpeas
41,71,78,17.71,15.37,7.09,81.84,chickpea
76,49,39,26.91,78.11,6.29,162.65,jute
103,82,51,27.75,75.07,5.71,91.92,banana
34,9,14,33.03,91.61,6.44,117.89,orange
11,123,198,10.34,81.94,5.96,65.94,grapes
30,58,19,27.69,54.67,3.66,35.23,mothbeans
70,36,20,21.72,61.3,5.61,101.58,maize
99,73,48,33.7,79.18,6.36,106.97,banana
32,56,79,20.18,14.57,5.83,87.15,chickpea
79,57,17,27.59,65.18,6.2,91.83,maize
33,56,22,29.19,53.05,5.72,31.95,mothbeans
31,11,26,29.24,81.18,5.37,190.14,coconut
37,136,203,9.13,82.32,6.12,69.88,grapes
92,13,46,28.03,84.99,6.99,48.42,watermelon
34,12,9,34.61,90.41,7.3,110.09,orange
7,32,20,27.33,53.43,4.05,39.95,mothbeans
34,7,36,23.23,91.04,7.24,102.13,pomegranate
29,120,199,22.58,90.03,5.81,102.35,apple
85,58,35,23.52,84.99,6.39,182.87,jute
32,37,35,36.82,92.19,6.94,54.57,papaya
17,30,17,25.77,58.5,6.12,67.8,mothbeans
1,12,30,27.84,97.67,5.08,198.14,coconut
60,53,42,22.13,88.5,5.44,293.69,rice
23,78,17,17.61,18.15,6.3,130.07,kidneybeans
138,54,24,22.01,76.89,7.37,97.11,cotton
72,47,39,24.2,83.04,6.06,161.47,jute
26,22,30,25.2,91.79,5.31,185.36,coconut
46,68,81,17.21,14.13,7.65,63.02,chickpea
26,59,21,31.67,52.6,7.67,44.51,mothbeans
2,8,39,23.77,91.46,6.01,112.02,pomegranate
62,38,40,26.08,99.88,5.3,264.67,rice
16,39,28,28.73,51.69,5.05,102.65,mango
16,5,36,24.79,89.39,6.01,111.79,pomegranate
97,15,33,26.92,58.12,7.14,159.01,coffee
3,32,33,35.39,52.66,6,97.88,mango
11,27,39,20.86,86.46,6.08,105.24,pomegranate
73,52,17,29.34,70.34,6.6,82.74,maize
82,36,44,36.72,99.38,7.32,277.3,rice
14,54,19,19.07,20.36,6.46,80.76,kidneybeans
83,52,43,35.31,87.61,5.01,202.76,rice
24,35,15,27.4,80.7,5.87,33.07,mungbean
34,120,199,22,93.24,5.6,122.83,apple
27,141,200,34.54,84.6,6,72.09,grapes
32,138,196,15.42,83.63,5.87,74.02,grapes
111,76,52,33.88,79.44,6.71,108.21,banana
4,58,17,20.26,68.97,6.73,54.94,lentil
35,21,10,31.59,94.25,6.24,107.38,orange
34,54,15,32.55,72.23,6.4,30.68,mungbean
61,56,30,34.91,90.12,6.97,60.75,papaya
29,129,201,35.85,84.86,5.67,72.51,grapes
69,69,54,30.81,94.19,6.52,69.75,papaya
11,79,21,35.23,40.45,6.78,188.16,pigeonpeas
51,64,18,25.6,69.56,6.84,68.81,blackgram
83,58,18,22.52,69.79,7.13,93.51,maize
32,62,23,17.31,22.07,5.51,110.57,kidneybeans
63,45,21,22.49,53.82,7.35,63.36,maize
91,57,19,27.72,66.3,6.14,83.78,maize
104,17,53,28.85,90.22,6.21,21.84,muskmelon
27,15,34,25.43,85.06,5.21,217.85,coconut
63,36,16,25.41,66.85,6.04,93.1,maize
1,62,18,22.47,65.4,5.83,39.05,lentil
30,30,17,30.3,84.85,7.48,52.73,mungbean
111,88,52,29.61,82.92,5.97,95.64,banana
87,56,42,24.58,80.64,5.79,190.16,rice
29,29,25,26.84,92.92,6.46,200.48,coconut
32,66,77,17.99,10.97,6.37,71.52,chickpea
18,75,24,21.79,15.95,6.46,138.57,kidneybeans
98,20,34,27.54,63.56,6.12,124.7,coffee
119,80,45,27.5,76.64,5.97,108.78,banana
114,37,25,23.92,66.41,7.5,112.65,coffee
10,40,21,27.57,88.6,5.92,44.74,mungbean
26,143,198,33.13,81.7,5.86,73.56,grapes
37,38,39,34.94,94.74,6.67,239.59,papaya
42,66,48,43.14,90.3,6.71,70.2,papaya
98,79,52,33.84,77.25,5.92,102.6,banana
45,55,17,27.82,67.9,6.9,70.13,blackgram
15,70,20,19.18,16.38,5.88,78.58,kidneybeans
71,30,44,24.31,84.24,7.3,196.57,jute
50,71,16,25.39,63.84,6.75,73.92,blackgram
63,56,16,27.25,70.88,7.27,61.89,maize
94,22,48,20.1,87.83,6.6,41.56,watermelon
9,56,18,19.52,62.6,5.87,46.87,lentil
16,78,21,18.45,61.8,6.5,58.51,lentil
35,24,42,19.85,88.13,7.29,106.31,pomegranate
16,75,22,25.1,63.57,7.11,109.37,pigeonpeas
9,68,15,26.78,69.5,5.77,38.87,lentil
24,59,79,18.03,11.86,7.71,83.72,chickpea
85,31,25,25.75,61.46,6.52,166.73,coffee
119,29,49,26.14,85.46,6.16,54.83,watermelon
57,57,75,18.25,11.51,7.57,72.31,chickpea
103,90,48,28.51,81.32,6.38,105.31,banana
18,52,23,24.17,45.9,6.22,162.71,pigeonpeas
27,33,42,19.39,89.14,5.86,117.53,pomegranate
11,36,15,29.99,78.23,6.62,41.84,mungbean
106,59,16,24.84,77.7,5.55,68.75,cotton
27,34,31,34,53.65,6.13,90.5,mango
0,67,15,20.15,60.89,6.8,56.61,lentil
73,35,15,24.02,55.89,7.49,78.75,maize
113,15,49,32.29,93.68,6.06,21.09,muskmelon
34,61,16,20.64,20.92,6.05,128.17,kidneybeans
52,67,20,34.35,63.59,7.39,68.01,blackgram
20,78,19,21.8,21.61,5.59,121.86,kidneybeans
16,75,22,26.31,62.06,6.78,45.69,lentil
29,75,18,30.95,54.36,5.75,101.89,pigeonpeas
88,25,52,25.27,94.51,6.96,25.4,muskmelon
66,47,37,28.02,81.17,5.95,297.8,rice
12,3,36,21.61,94.7,7.16,115.26,pomegranate
102,76,49,31.1,84.57,5.98,110.46,banana
107,13,50,26.83,82,6.14,51.09,watermelon
33,72,16,30.48,66.73,7.58,60.24,blackgram
120,38,22,23.6,83.07,5.97,99.38,cotton
38,24,26,30.97,50.05,6.34,100.21,mango
18,57,15,29.44,63.59,5.38,129.69,pigeonpeas
47,45,40,29.85,91.99,6.86,83.24,papaya
15,63,20,19.08,15.26,5.85,69.31,kidneybeans
96,13,50,25.23,87.65,6.11,43.52,watermelon
31,18,12,31.16,90.44,7.38,112.2,orange
84,48,39,26.8,86.01,6.68,185.96,jute
79,46,17,27.06,52.85,6.36,74.16,maize
47,56,76,18.23,14.05,7.01,86.85,chickpea
113,35,27,26.9,65.53,6.64,160.75,coffee
34,130,203,37.35,80.64,5.87,73.45,grapes
97,6,48,30.42,91.74,6.03,26.09,muskmelon
13,11,10,21.8,90.45,6.56,114.86,orange
107,22,25,24.14,65.01,7.44,112.06,coffee
103,86,45,30.07,83.35,6.79,102.66,banana
13,72,16,37.69,68.89,7.02,103.88,pigeonpeas
14,67,22,36.79,67,6.41,101.11,pigeonpeas
17,25,32,27.65,93.1,6.45,153.91,coconut
83,81,53,30.93,81.26,6,97.51,banana
39,72,16,32.31,69.84,7.78,75.58,blackgram
3,64,22,24.48,62.19,7.04,49.78,lentil
84,19,48,27.65,90.89,6.46,24.4,muskmelon
18,51,16,33.23,88.76,6.89,34.06,mungbean
34,58,15,22.12,20.77,5.58,105.52,kidneybeans
8,21,42,22.56,91.97,7.28,115.63,pomegranate
17,128,203,14.35,80.95,5.54,68.95,grapes
68,55,39,26.1,95.91,5.57,153.55,rice
63,51,17,26.68,66.41,7.31,103.66,maize
104,90,46,27.49,84,6.6,103.73,banana
3,57,19,26.83,62.36,5.11,72.62,mothbeans
57,47,49,27.68,93.19,6.56,229.47,papaya
53,65,50,39.68,93.79,6.61,61.64,papaya
93,77,53,31.84,77.74,6.56,119.94,banana
30,16,35,24.07,93.23,7.38,109.42,pomegranate
46,63,40,42.78,92.11,6.71,194.02,papaya
6,59,22,26.83,49.88,7.02,53.3,mothbeans
115,36,33,23.82,65.05,6,170.09,coffee
14,52,23,27.9,71.09,7.4,57.8,mungbean
14,46,24,29.06,70.4,5.74,56.02,mungbean
87,59,38,23.13,70.23,6.04,183.24,jute
93,33,40,25.12,70.1,6.94,162.93,jute
74,44,37,25.34,98.73,6.62,241.37,rice
99,94,50,34.95,75.77,5.66,113,banana
22,59,19,22.2,17.71,5.58,97.28,kidneybeans
111,86,45,25.31,83.32,6.51,110.17,banana
119,58,23,23.92,78.52,5.89,96.88,cotton
116,57,24,25.5,76.21,5.82,82.82,cotton
38,24,39,22.33,94.74,6.22,113.48,pomegranate
20,7,26,25.36,99,5.36,168.58,coconut
9,140,204,21.99,91.08,6.23,123.5,apple
80,45,39,25.25,74.72,6.22,163.47,jute
35,17,7,16.5,91.48,6.67,115.75,orange
99,46,38,25.18,74.01,7.03,153.98,jute
24,30,22,30.06,76.1,5.58,46.2,mungbean
39,127,197,21.05,91.62,5.56,107.2,apple
38,61,16,24.04,35.46,5.39,194.36,pigeonpeas
6,139,204,21.27,94.02,5.65,104.12,apple
94,49,39,26.8,78.75,6.38,171.66,jute
18,18,25,28.62,94.31,6.38,173.2,coconut
23,12,8,12.64,94.42,7.44,115.24,orange
13,74,18,30.61,55.79,6.46,118.47,pigeonpeas
38,60,22,20.71,63.53,6.03,50.41,lentil
24,53,23,25.46,56.49,5.09,62.59,mothbeans
55,70,18,25.85,66.33,7.46,62.8,blackgram
21,37,31,29.24,51.87,6.3,97.16,mango
5,51,23,27.7,48.97,5.33,54.83,mothbeans
26,44,22,34.12,77.62,6.07,48.95,mungbean
42,62,48,38.12,93.59,6.82,156.36,papaya
22,56,79,18.94,12.04,7.32,69.38,chickpea
99,49,44,37.83,92.25,6.8,225.72,rice
58,56,16,33.14,67.71,6.99,69.89,blackgram
16,22,28,26.94,84.17,5.64,186.02,coconut
37,3,38,24.87,86.64,5.62,115.18,pomegranate
77,44,40,26.82,96.99,7.06,165.83,rice
15,57,20,22.03,58.14,5.74,94.33,pigeonpeas
61,51,36,29.23,81.01,5.95,181.75,rice
1,9,6,13.57,90.17,7.19,103.24,orange
113,45,21,23.01,77.68,6.04,71.56,cotton
82,33,36,24.98,89.92,7.09,167.04,jute
42,62,16,31.95,62.74,7.19,70.49,blackgram
14,122,199,10.71,82.57,5.65,66.24,grapes
23,24,41,23.72,89.88,6.93,110.57,pomegranate
7,18,30,32.15,53.57,5.76,87.56,mango
34,123,200,23.49,90.05,5.92,103.76,apple
7,19,25,26.76,89.3,5.69,217.73,coconut
11,58,23,24.25,59.54,5.24,173.4,pigeonpeas
37,78,15,26,68.47,7.3,75.55,blackgram
54,59,22,29.2,63.1,7.5,68.93,blackgram
82,41,41,25.85,86.33,6.08,158.99,jute
104,34,22,25.79,80.63,6.38,74.67,cotton
102,28,47,25.42,90.18,6.51,26.5,muskmelon
33,31,24,31.15,77.91,6.97,46.73,mungbean
39,9,31,27.96,92.03,5.76,157.11,coconut
97,15,49,20.28,85.59,6.96,48.42,watermelon
118,13,51,26.16,92.32,6.32,21.14,muskmelon
35,57,31,38.1,92.85,6.97,192.83,papaya
83,50,19,21,71.13,5.9,79.23,maize
89,37,27,26.83,57.1,7.24,133.19,coffee
98,29,52,22.88,89.69,6.5,53.71,watermelon
93,39,34,26.43,58.1,6.23,116.56,coffee
17,61,24,24.51,67.94,7.08,32.43,lentil
24,51,19,19.21,19.84,5.58,85.17,kidneybeans
56,42,54,39.27,93.12,6.53,85.61,papaya
21,37,19,31.9,77.32,6.5,36.32,mungbean
12,50,22,17.92,17.75,6.04,76.82,kidneybeans
38,53,24,16.42,18.12,5.96,80.69,kidneybeans
9,16,32,29.8,52.22,5.11,88.53,mango
108,14,46,27.34,88.8,6.27,44.11,watermelon
15,8,28,25.11,87.84,5.46,220.74,coconut
54,68,15,33.83,62.38,7.27,69.51,blackgram
88,74,54,28.63,75.74,5.55,93.46,banana
17,50,16,25.72,50.01,5.53,54.78,mothbeans
12,137,204,22.76,94.72,6.02,123.51,apple
26,35,22,25.29,47.17,5,67.77,mothbeans
17,32,38,22.79,86.31,6.83,116.64,pomegranate
30,134,197,23.42,94.36,6.17,111.84,apple
39,63,23,23.39,46.67,6.61,110.67,pigeonpeas
24,45,16,25.32,41.93,7.36,39.52,mothbeans
27,39,18,32.03,70.84,7.37,45.63,mungbean
35,16,6,33.45,90,6.38,111.12,orange
55,41,48,32.44,93.74,6.84,168.65,papaya
27,57,19,25.6,58.39,8.74,39.31,mothbeans
42,51,47,34.17,91.97,6.77,82.2,papaya
86,27,50,24.37,81,6.8,50.09,watermelon
37,35,36,20.22,90.3,5.78,102.34,pomegranate
88,6,54,20.6,80.13,6.22,56.37,watermelon
29,31,19,33.17,80.42,7.46,44.18,mungbean
7,48,23,30.87,43.5,6.73,41.85,mothbeans
13,41,16,29.77,77.04,6.75,37.09,mungbean
109,52,23,23.45,77.25,6.02,62.39,cotton
13,56,16,31.94,58.88,6.82,119.18,pigeonpeas
115,76,54,31.75,77.46,6.33,113.56,banana
41,71,77,17.99,17.55,8.12,62.46,chickpea
101,32,25,26.22,63.65,7.19,143.18,coffee
34,39,54,26.87,93.81,6.9,90.77,papaya
29,38,23,34.32,81.09,5.64,34.65,mungbean
17,63,23,20.8,30.48,7.08,198.08,pigeonpeas
5,9,35,19.82,92.06,6.37,119.9,pomegranate
14,10,14,23.27,91.87,6.15,103.31,orange
3,48,24,34.98,82.5,5.62,49.34,mungbean
87,79,48,31,84.77,5.87,91.39,banana
33,72,18,26.23,66.88,5.69,47.4,lentil
106,71,50,32.51,81.45,6.26,104.96,banana
24,18,5,14.75,94.15,6.1,118.06,orange
72,43,24,22.85,62.86,7.48,92.88,maize
21,144,196,22.84,90.08,6.34,121.21,apple
119,89,50,29.24,84.11,6.18,90.03,banana
31,78,24,25.83,69.77,7.41,93.56,pigeonpeas
115,30,19,25.2,81.78,6.29,81.66,cotton
15,74,23,22.99,48.26,7.3,167.51,pigeonpeas
98,50,43,34.15,88.71,6.83,294.82,rice
21,10,9,24.23,92.91,7.29,102.23,orange
29,12,6,34.63,94,6.54,105.11,orange
69,43,16,18.63,68.54,6.55,97.28,maize
90,51,44,24.96,89.85,7.19,194.37,jute
67,54,37,23.18,73.59,7.24,159.88,jute
0,123,203,21.9,90.4,5.74,105.08,apple
24,8,11,34.97,93,7.1,118.91,orange
103,26,29,23.72,64.6,6.33,135.18,coffee
30,143,199,21.09,92.56,6.42,122.16,apple
38,55,46,24.55,93.24,6.96,236.81,papaya
22,131,196,21.27,93.65,5.69,114.78,apple
10,13,38,18.33,93.78,6.03,103.02,pomegranate
31,40,17,30.18,58.33,5.25,50.91,mothbeans
39,39,22,28.17,60.74,8.51,41.85,mothbeans
7,24,12,15.33,92.51,6.48,110.61,orange
85,93,45,33.1,83.34,6.01,102.57,banana
81,38,28,23.28,62.97,6.12,166.69,coffee
17,142,202,20.4,81.04,6.11,65.75,grapes
36,0,37,21.69,94.2,6.9,108.92,pomegranate
5,20,11,17.79,92.35,7.35,102.56,orange
97,81,49,33.05,78.17,6.07,95.39,banana
35,73,15,29.34,66.75,7.28,33.33,lentil
22,66,15,18.03,62.63,7.41,55.03,lentil
38,37,35,41.35,93.3,6.81,229.07,papaya
108,25,25,26.11,54.27,6.55,181.29,coffee
112,37,31,25.21,57.14,6.27,190.57,coffee
31,52,24,23.97,20.2,6.2,97.25,kidneybeans
109,36,27,23.91,60.47,6.69,145.47,coffee
9,48,16,32.99,78.3,5.71,49.16,mungbean
95,20,25,23.97,62.24,7.24,184.1,coffee
105,17,53,30.7,92.37,6.35,26.18,muskmelon
115,19,53,29.27,91.61,6.32,21.78,muskmelon
29,34,19,26.65,42.19,3.83,65.74,mothbeans
56,64,79,19.25,12.21,5.94,67.82,chickpea
87,81,53,26.2,84.36,5.77,90.57,banana
30,39,30,35.86,94.19,6.71,155.76,papaya
34,45,19,25.2,42.41,6.36,57.66,mothbeans
56,66,19,31.84,67.1,7.11,64.63,blackgram
88,22,32,23.41,67.47,7.23,136.25,coffee
91,56,43,24.2,84.99,5.26,267.02,rice
10,130,195,22.24,90.65,5.77,114.98,apple
106,24,46,20.86,82.71,7,43.93,watermelon
81,59,23,27.62,53.46,6,92.06,maize
16,21,10,33.37,90.17,7.36,107.7,orange
118,41,21,23.73,80.98,6.21,80.5,cotton
11,49,24,27.1,63.92,9.35,44.07,mothbeans
64,48,42,23.7,84.33,6.21,258.69,rice
14,22,26,28.84,45.38,6.81,96.96,mango
19,9,34,28.03,83.72,5.43,194.24,coconut
16,43,16,31.72,84.25,5.9,43.64,mungbean
103,28,32,26.94,60.89,6.91,127.88,coffee
117,77,47,33.09,81.61,6.91,119.31,banana
9,8,44,20.37,91.02,7.18,113.14,pomegranate
12,66,16,35.71,44.78,6.11,118.96,pigeonpeas
15,70,21,22.98,57.74,5.86,104.18,pigeonpeas
93,20,49,25.45,94.26,6.16,20.97,muskmelon
17,62,16,27.47,61.72,6.02,44.53,lentil
101,17,49,26.81,86.46,6.96,44.39,watermelon
33,67,20,18.45,15.25,5.6,101.6,kidneybeans
44,67,17,28.5,63.18,6.68,74.09,blackgram
21,27,32,26.41,91.13,5.77,145.19,coconut
45,62,84,18.93,18.05,7.55,68.92,chickpea
12,144,203,23.29,94.5,6.01,110.52,apple
76,52,19,28.92,51.84,5.66,90.41,maize
90,45,35,24.07,73.1,6.1,184.83,jute
21,121,200,32.21,81.55,6.05,71.38,grapes
136,48,21,24.3,79.69,5.68,79.59,cotton
89,27,46,33.92,93.78,6.42,20.64,muskmelon
104,13,45,29.44,92.56,6.24,23.26,muskmelon
97,12,51,29.25,88.57,7,56.12,watermelon
4,32,38,22.09,88.9,7,104.72,pomegranate
28,28,25,28.01,95.99,5.02,214.65,coconut
52,60,46,31.36,93.48,6.6,59.01,papaya
107,37,31,27.34,65.11,6.59,175.49,coffee
13,74,18,19.18,67.38,7.24,41.27,lentil
17,24,33,36,53.17,6.85,98.3,mango
52,61,78,18.1,19.37,7.68,63.39,chickpea
25,69,24,18.79,63.05,6.18,30.59,lentil
75,35,43,23.64,84.24,6.99,201.05,rice
26,73,24,31.44,50.29,7.11,182.47,pigeonpeas
108,16,47,20.38,81.56,6.47,52.8,watermelon
119,57,15,23.26,83.89,6.37,92.6,cotton
25,57,19,21.66,67.03,7.22,52.42,lentil
117,28,47,32.03,90.34,6.87,29.68,muskmelon
97,15,47,33.65,94.97,6.73,21.16,muskmelon
93,76,52,29.53,77.46,6.97,100.25,banana
85,35,37,24.46,94.73,6.69,283.83,rice
41,78,81,17.55,16.16,7.26,67.27,chickpea
7,40,22,24.95,45.76,8.37,62.41,mothbeans
25,62,15,28.46,62.32,7.39,49.34,lentil
52,36,41,33.87,90.9,6.72,185.73,papaya
61,51,41,23.21,74.16,6.62,192.8,jute
123,59,21,25.29,76.92,5.84,75.63,cotton
118,38,23,23.11,84.16,5.96,72.46,cotton
27,72,20,29.89,60.63,7.2,66.15,blackgram
98,57,42,24.67,85.42,6.95,185.57,jute
2,57,24,33.94,79.8,6.15,43.73,mungbean
25,79,15,19.37,23.39,5.84,136.9,kidneybeans
12,38,30,34.05,51.59,5.61,96.54,mango
78,39,37,23.8,87.28,7.26,198.18,jute
91,11,47,32.68,91.81,6.46,27.48,muskmelon
69,48,47,24.12,93.09,6.75,131.6,papaya
32,43,16,32.51,77.16,5.77,56.96,mungbean
3,24,32,25.06,94.89,5.13,185.87,coconut
58,32,36,27.34,93.2,6.51,233.64,papaya
38,143,196,23.92,93.76,5.63,108.33,apple
19,27,30,33.42,52.9,4.81,100.06,mango
87,27,46,20.13,84.75,6.33,43.55,watermelon
31,51,18,31.6,53.84,6.83,35.55,mothbeans
11,24,12,26.25,91.78,6.69,118.25,orange
64,45,37,25.3,70,7.04,196.73,jute
37,76,22,32.85,65.4,6.5,79.08,blackgram
35,72,19,26.45,68.7,6.52,78.54,blackgram
12,40,22,29.89,61.37,7.46,63.65,mothbeans
32,78,19,21.74,63.63,7.13,56.69,lentil
94,47,43,31.48,89.39,6.1,177.65,rice
18,127,201,34.47,80.82,6.3,71.47,grapes
99,11,52,29.73,83.59,6.74,43.88,watermelon
111,24,25,25.7,51.69,7.26,126.24,coffee
39,23,12,20.77,91.38,6.68,117.61,orange
116,13,51,28.78,94.94,6.57,22,muskmelon
38,78,17,28.02,61.12,7.52,75.56,blackgram
115,51,18,22.53,78.27,7.43,76.89,cotton
15,58,21,32,74.55,5.98,34.58,mungbean
34,59,24,30.85,46.95,5.94,128.36,pigeonpeas
28,23,27,25.44,87.35,6.23,181.74,coconut
27,51,16,31.72,40.13,4.05,36.54,mothbeans
39,22,43,22.39,90.33,6.69,107.01,pomegranate
103,15,30,26.86,55.37,6.64,164.81,coffee
12,130,201,21.25,83.97,5.83,73.02,grapes
43,40,59,31.01,94.46,6.56,137.97,papaya
105,91,52,30.72,82.96,6.56,106.83,banana
134,58,17,24.23,83.89,7.13,73.22,cotton
25,16,33,29.48,83.77,5,205.39,coconut
32,24,31,32.93,49.75,5.53,88.76,mango
30,5,12,15.22,93.58,6.44,107.47,orange
8,15,25,25.64,97.25,6.17,218.88,coconut
66,41,19,23.27,63.07,5.82,78.64,maize
8,39,18,25.75,58.82,6.68,74.85,mothbeans
9,15,7,15.57,93.37,6.49,109.16,orange
109,6,47,21.44,87.4,6.5,44.47,watermelon
112,25,30,25.86,68.85,6.63,166.2,coffee
89,43,42,25.42,85.03,5.3,178.89,rice
13,33,21,24.8,55.49,8.9,44.3,mothbeans
79,37,15,23.18,58.06,6,64.57,maize
8,1,35,24.17,88.57,5.82,116.56,pomegranate
114,54,15,25.39,77.77,6.6,70.74,cotton
32,136,202,13.15,84.82,6.02,72.29,grapes
23,73,20,23.58,15.95,6.03,64.26,kidneybeans
94,15,50,25.72,90.93,6.73,29.11,muskmelon
0,30,34,33.85,54.32,5.68,91.74,mango
90,13,52,26.39,92.74,6.73,29.24,muskmelon
92,5,51,23.8,89.36,6.36,48.6,watermelon
16,47,24,28.41,53.59,9.49,51.24,mothbeans
6,28,14,28.55,94.05,6.27,117.58,orange
110,36,18,25.99,79.79,5.84,94.15,cotton
19,68,23,18.3,18.35,6.32,145.95,kidneybeans
114,17,48,32.06,91.95,6.06,26.56,muskmelon
115,28,31,25.81,50.35,7.23,135.62,coffee
115,15,52,28.16,86.23,6.61,48.59,watermelon
118,16,31,23.11,61.16,6.23,167.62,coffee
24,141,195,21.65,94.96,6.07,104.47,apple
37,38,34,34.71,54.05,6.34,90.88,mango
30,14,12,22.79,93.25,6.64,102.48,orange
31,56,20,15.44,23.63,5.74,107.18,kidneybeans
31,53,18,23.81,16.37,6.27,135.32,kidneybeans
58,49,51,42.8,94.93,6.61,134.94,papaya
33,29,40,21.88,87.91,6.47,109.72,pomegranate
8,20,28,26.64,85.21,5.18,157.11,coconut
16,12,35,24.25,89.17,6.45,109.9,pomegranate
10,65,24,22.27,62.9,6.56,58.09,lentil
84,54,37,30.45,89.01,6.11,279.02,rice
127,30,20,24.78,81.35,5.71,78.95,cotton
29,125,199,37.07,80.5,5.68,74.48,grapes
29,29,9,25.46,90.85,6.52,103.12,orange
60,55,24,26.13,53.95,6.38,77.28,maize
108,11,47,31.78,94.29,6.35,27.18,muskmelon
11,28,28,27.7,52.64,6.19,88.07,mango
85,40,44,37.19,81.42,5.6,250.35,rice
91,44,43,26.72,88.28,6.91,161.55,jute
20,57,16,30.92,61.51,7.08,76.16,blackgram
102,87,50,25.65,76.28,5.6,97.79,banana
6,20,33,27.3,97.47,6.18,140.05,coconut
15,134,199,26.49,83.47,6.25,72.03,grapes
20,25,27,26.76,88.16,6.13,140.11,coconut
29,130,197,23.55,83.8,5.75,66.52,grapes
104,74,50,32.9,78.28,5.58,113.87,banana
57,72,20,25.87,64.67,6.56,70.41,blackgram
108,53,23,22.73,81.47,6.49,69.83,cotton
30,138,204,30.49,80.49,5.91,72.41,grapes
31,73,15,24.91,19.79,5.9,110.66,kidneybeans
21,17,30,26.27,91.01,6.41,200.27,coconut
54,60,35,26.81,93.25,6.75,65.1,papaya
18,30,24,34.58,79.54,5.52,42.91,mungbean
21,38,24,30.58,49.37,8.32,50.05,mothbeans
30,55,20,23.75,67.98,7.14,43.57,lentil
37,33,28,29.5,51.44,6.4,95.42,mango
107,34,33,23.45,60.44,6.22,180.52,coffee
84,28,49,32.6,94.91,6.81,27.33,muskmelon
107,83,47,30.6,79.54,6.91,109.23,banana
106,35,17,22.43,77.39,6.12,83.19,cotton
34,143,199,18.01,80.45,5.58,72.3,grapes
66,51,49,38.52,92.67,6.52,103.62,papaya
13,26,27,31.55,49.62,4.68,98.89,mango
26,132,198,21.6,90.78,6.04,121.49,apple
20,33,44,24.52,87.52,7.27,104.76,pomegranate
15,125,198,22.69,93.21,5.83,120.24,apple
48,70,83,19.25,18.25,5.59,61.36,chickpea
26,69,15,15.34,23.47,6.45,126.82,kidneybeans
101,24,26,26.12,68.31,6.76,174.67,coffee
32,27,30,33.3,53.65,5.88,97.15,mango
94,90,53,28.58,76.77,6.65,110.91,banana
16,133,202,30.86,81.62,6.26,73.82,grapes
83,88,47,31,81.6,5.52,101.52,banana
33,39,30,30.04,51.78,6.98,100.15,mango
34,59,21,30.78,68.47,6.81,70.03,blackgram
17,66,15,37.89,56.48,6.63,92.17,pigeonpeas
93,57,15,28.13,56.08,6.68,86.2,maize
24,37,28,33.64,52.57,6.05,86.2,mango
94,48,16,28.15,71.28,6.07,98.16,maize
13,132,196,22.68,91.89,5.89,111.86,apple
72,48,35,25.74,88.6,6.45,248.21,rice
105,45,23,22.27,80.13,7.47,82.65,cotton
70,55,24,20.92,63.78,6.27,106.09,maize
16,123,204,24.69,84.89,5.63,67.12,grapes
91,28,27,24.99,59.55,7.26,162.79,coffee
78,33,42,26.12,79.31,6.18,183.4,jute
13,74,22,17.98,24.99,5.95,94.86,kidneybeans
0,34,32,35.36,48.75,5.1,86.83,mango
34,4,35,24.08,86.81,5.84,110.17,pomegranate
35,129,203,34.33,80.56,5.67,66.1,grapes
63,35,44,23.39,85.67,6.81,168.58,jute
17,36,39,19.04,86.28,7.31,116.83,pomegranate
17,12,12,27.38,90.73,6.44,107.68,orange
88,53,41,27.28,81.4,6.66,199.53,rice
89,57,41,26.88,85.33,7.49,158.11,jute
19,70,16,19.2,60.53,5.64,50.34,lentil
121,40,22,23.68,78.31,5.66,66.5,cotton
30,43,18,29.29,51.85,6.7,36.14,mothbeans
86,51,20,27.87,73.51,5.72,71.69,maize
70,54,39,28.46,99.15,7.49,233.37,rice
19,14,44,20.22,89.24,6.87,119.27,pomegranate
98,6,53,29.53,86.84,6.27,52.71,watermelon
100,24,50,30.81,91.72,6.21,28.31,muskmelon
73,50,40,25.27,70.03,6.29,155.42,jute
126,43,24,23.49,77.63,5.63,91.6,cotton
2,49,24,29.42,45.75,5.39,73,mothbeans
29,142,196,14.37,82.4,6.17,67.66,grapes
14,122,204,15.99,82.7,6.27,66.18,grapes
60,36,42,23.68,89.15,7.3,175.48,jute
39,62,35,31.49,91.79,6.96,233.44,papaya
11,76,24,19.95,16.13,6,119.39,kidneybeans
86,9,54,23.69,89.03,6.99,58.68,watermelon
28,53,16,33.61,83.79,6.65,57.23,mungbean
103,30,30,23.73,61.31,6.44,179.51,coffee
21,67,16,34.48,41.93,5.73,170.06,pigeonpeas
28,33,19,31.41,60.94,7.03,64.75,mothbeans
7,35,22,30.82,61.28,9.09,74.74,mothbeans
0,24,27,25.25,81.59,5.48,180.29,coconut
16,5,26,26.58,99.8,5.95,167.94,coconut
26,121,203,35.86,80.15,5.87,65.79,grapes
85,57,23,18.86,54.15,6.12,97.45,maize
18,128,200,22.09,93.93,6.48,113.29,apple
16,7,38,18.26,88.34,6.95,114.8,pomegranate
22,79,19,37.95,55.09,7.09,118.37,pigeonpeas
81,6,45,21.05,83.23,6.69,48.71,watermelon
40,79,80,18.56,14.7,7.41,89.43,chickpea
1,126,204,26.07,82.82,6.29,65.46,grapes
39,69,16,24.78,69.07,6.38,50.67,lentil
131,57,21,22.82,83.91,6.63,60.39,cotton
11,36,20,24.43,59.98,6.37,54.33,mothbeans
31,23,26,33.74,54.3,5.49,91.16,mango
29,144,197,31.06,80.22,5.69,70.5,grapes
28,71,24,32.15,61.03,6.59,71.43,blackgram
95,19,52,23.12,87.94,6.95,49.76,watermelon
83,21,52,24.23,82.94,6.4,51.88,watermelon
26,62,23,23.19,65.4,5.9,42.07,lentil
81,23,48,34.98,90.39,6.08,29.36,muskmelon
5,6,25,25.76,90.46,6.41,152.33,coconut
125,52,16,24.4,77.88,7.05,77.31,cotton
89,39,16,24.47,74.29,6.56,105.67,maize
33,50,24,30.95,54.05,5.02,117.76,pigeonpeas
30,7,27,26.38,94.13,5.68,145.48,coconut
29,26,14,11.4,92.83,6.37,105.12,orange
8,137,200,13.48,80.23,5.74,65.39,grapes
17,28,6,17.21,92.66,6.5,109.28,orange
92,76,46,25.99,76.68,5.72,97.67,banana
7,137,203,30.44,82.51,5.68,74.93,grapes
38,35,20,32.19,73.49,7.06,40.65,mungbean
28,138,197,31.65,84.75,6.32,73.8,grapes
45,51,38,34.97,90.54,6.56,212.8,papaya
81,88,50,28.01,78.95,5.68,94.19,banana
63,49,51,29.08,90.51,6.78,229.17,papaya
25,120,196,13.69,81.97,6.11,65.69,grapes
36,51,21,30.04,53.67,7.12,64.93,mothbeans
32,15,5,24.37,90.03,7.24,100.38,orange
115,29,33,23.51,53.87,6.78,197.63,coffee
35,32,23,27.49,81.16,7.38,42.48,mungbean
93,41,23,23.78,70.16,6.99,76.94,maize
37,55,19,28.07,63.03,4.56,56.03,mothbeans
4,45,15,33.68,72.6,7.25,36.06,mungbean
69,42,35,24.66,82.02,5.69,245.35,rice
39,63,33,38.16,93.2,6.66,144.41,papaya
35,32,15,24.15,52.68,3.69,56.19,mothbeans
11,129,195,13.73,83.86,5.76,69.73,grapes
13,26,31,30.6,51.13,4.7,93.56,mango
96,42,19,19.68,73.66,6.11,84.63,maize
20,33,29,35.33,54.4,6.93,92.46,mango
39,17,30,35.91,53.5,4.93,104.18,mango
107,27,27,23.65,67.65,6.51,176.19,coffee
21,29,33,31.29,46.28,4.52,95.27,mango
102,48,17,24.57,82,5.69,84.26,cotton
19,20,33,29.79,85.32,5.67,203.86,coconut
82,40,41,35.34,83.36,6.52,262.19,rice
4,40,19,28.57,56.68,6,63.65,mothbeans
47,64,84,20.27,19.55,7.91,68.71,chickpea
20,11,35,18.54,85.45,5.72,108.5,pomegranate
5,39,37,18.65,90.52,6.54,115.14,pomegranate
38,130,200,31.39,82.4,6.02,74.98,grapes
99,11,46,28.19,85.67,6.99,56.71,watermelon
98,55,20,29.41,74.99,6.84,73.48,maize
33,29,29,29.5,89.04,5.21,201.3,coconut
95,56,35,26.69,82.24,6.14,162.52,jute
70,37,39,34.57,86.27,6.52,226.71,rice
35,137,199,27.72,84.55,6.25,72.14,grapes
73,49,42,25.02,80.62,7.33,199.68,jute
10,55,21,33.91,70.38,7.23,49.48,mungbean
1,53,19,31.77,77.43,5.68,34.73,mungbean
24,138,204,22.94,90.69,5.69,105.28,apple
11,77,20,29.68,60.99,5.93,45.13,lentil
18,76,24,18.79,69.6,7.01,32.65,lentil
8,79,17,19.36,64.78,7.38,47.4,lentil
129,52,20,23.63,80.03,6.5,92.19,cotton
88,55,18,25.96,70.52,7.46,84.77,maize
51,56,39,34.97,94.38,6.97,70.29,papaya
84,59,41,20.16,96.34,5.75,249.51,rice
37,13,41,18.15,87.88,5.88,106.88,pomegranate
33,30,55,24.11,94.26,6.66,229.38,papaya
21,75,22,30.98,61.88,5.28,166.58,pigeonpeas
118,30,24,22.98,81.98,6.4,92,cotton
84,51,22,25.91,70.96,6.76,105.17,maize
81,55,43,25.2,81.55,7.04,164.86,jute
59,70,23,30.71,63.9,7.27,77.29,blackgram
65,43,39,25.54,71.6,7.14,173.04,jute
30,74,24,16.07,15.96,5.65,79.19,kidneybeans
23,79,18,22.68,65.73,7.12,33,lentil
26,56,21,21.42,64.35,6.17,54.15,lentil
27,63,20,27.18,63.4,6.73,40.9,lentil
29,55,22,28.49,45.94,8.21,65.95,mothbeans
112,53,20,22.69,82.25,7.25,85.54,cotton
37,79,20,16.7,18.81,5.64,90.11,kidneybeans
5,13,8,28.63,92.25,6.64,107.87,orange
32,133,195,19.12,83.03,5.87,65.83,grapes
34,73,24,33.64,44.36,6.36,143.31,pigeonpeas
15,28,14,14.87,94.2,6.33,100.33,orange
38,57,18,31.34,74.14,5.78,46.24,mungbean
78,41,37,31.23,85.25,6.46,284.67,rice
29,37,26,32.42,53.69,5.2,98.99,mango
113,22,34,23.58,56.08,6.83,181.44,coffee
16,53,22,36.38,63.77,5.81,92.41,pigeonpeas
76,50,36,33.93,89.89,5.61,248.41,rice
108,7,53,33.98,92.96,6.62,29.94,muskmelon
32,26,28,29.85,81.26,5.67,169.62,coconut
5,28,26,29.34,91.05,5.55,159.95,coconut
13,69,24,19.47,68.38,6.95,38.36,lentil
36,13,13,16.38,94.03,6.73,110.98,orange
18,23,29,27.5,95.27,5.47,224.91,coconut
49,68,22,26.43,68.72,7.57,78.76,blackgram
110,73,48,27.27,82.49,6.21,105.47,banana
98,25,33,26.21,53.48,6.32,160.55,coffee
59,63,16,30.63,65.2,7.32,69.85,blackgram
100,53,23,25.62,82.72,5.59,67.31,cotton
13,57,18,22.29,63.51,6.82,37.43,lentil
17,32,26,35.36,54.03,6.42,89.41,mango
3,137,196,23.59,94.02,5.51,107.98,apple
99,48,44,22.31,99.41,5.45,294.38,rice
38,21,10,24.43,94.42,7.14,102.63,orange
48,73,83,20.9,11.31,6.61,76.85,chickpea
23,69,23,15.93,20.16,5.78,153.63,kidneybeans
0,66,22,28.49,64.05,7.08,41.11,lentil
36,51,21,22.92,41.8,6.03,150.58,pigeonpeas
7,30,22,32.3,88.81,6.9,32.4,mungbean
85,84,45,33.94,83.89,5.82,114.57,banana
16,140,201,21.19,94.13,6,118.22,apple
116,73,54,28.3,81.3,6.4,108.24,banana
51,77,19,25.3,64.75,6.96,69.22,blackgram
84,55,38,23.38,75.28,6.5,194.42,jute
68,51,36,23.48,81.5,5.01,217.58,rice
68,45,18,22.44,68.04,7.05,88.38,maize
39,45,23,32.01,87.57,7.28,54.45,mungbean
33,59,17,23.88,64.05,6.18,185.3,pigeonpeas
27,15,40,24.66,93.37,5.81,101.62,pomegranate
2,131,196,22.05,92.8,5.73,115.72,apple
81,22,53,30.8,90.21,6.72,20.61,muskmelon
41,61,82,17.76,13.57,7.84,85.97,chickpea
36,38,36,22.91,86.69,6.3,108.58,pomegranate
28,62,24,28.07,66.93,6.83,34.6,lentil
79,53,41,32.92,89.82,6.98,163.96,rice
117,71,54,29.33,84.95,5.91,110.41,banana
19,57,16,21.15,57.44,7.07,166.66,pigeonpeas
75,42,18,22,54.2,6.52,65.7,maize
8,1,41,20.26,85.56,5.64,119.04,pomegranate
51,57,39,23.14,93.05,6.86,115.25,papaya
25,5,7,17.57,92.92,6.39,114.42,orange
48,78,81,20.17,15.09,5.86,66.03,chickpea
80,36,37,36.97,89.13,7,250.14,rice
14,135,198,19.32,80.03,6.39,66.86,grapes
26,50,20,17.75,24.77,5.52,141.32,kidneybeans
94,17,45,26.12,94.4,6.75,22.87,muskmelon
34,15,44,20.75,94.78,6.01,101.81,pomegranate
14,126,204,22.82,90.17,5.77,111.97,apple
108,16,48,29.07,82.39,6.32,41.39,watermelon
9,140,201,23.7,90.96,6.26,103.32,apple
119,84,48,30.78,84.63,6.42,102.56,banana
99,37,39,26.79,97.23,5.62,178.53,rice
23,39,31,33.1,54.72,6.23,91.64,mango
68,52,38,31.63,89.47,6.33,213.83,rice
87,75,54,32.85,78.42,6.5,110.84,banana
20,56,16,21.04,60.66,6.84,52.64,lentil
15,127,199,21.88,94.61,6.18,113.06,apple
134,52,20,22.08,80.05,5.61,65.4,cotton
34,59,58,26.19,92.22,6.84,199.72,papaya
22,34,21,24.31,54.31,3.84,41.62,mothbeans
23,58,20,18.06,69.8,5.58,44.12,lentil
16,33,42,24.14,93.2,7.15,113.97,pomegranate
22,128,197,23.95,91.85,5.79,107.88,apple
27,78,15,35.79,50.02,7.17,131.98,pigeonpeas
132,54,17,24.47,84.54,5.68,89.62,cotton
28,140,195,23.11,94.56,6.27,113.82,apple
72,56,42,26.01,86.19,6.02,210.36,rice
30,10,6,10.66,93.01,7.27,115.59,orange
90,56,41,22.42,99.68,6.96,202.08,rice
34,74,82,19.57,16.93,7.33,65.77,chickpea
68,51,30,31.08,90.14,6.95,158.31,papaya
33,120,197,22.05,91.71,6.07,117.41,apple
72,52,22,28.47,50.9,5.64,91.56,maize
30,31,34,30.58,50.86,6.75,95.37,mango
99,48,37,22.01,83.88,5.57,176.92,rice
22,58,76,17.66,13.23,7.63,70.38,chickpea
34,6,26,25.03,83.52,5.3,143.67,coconut
15,67,24,25.4,63.53,7.46,39.61,lentil
16,3,42,22.74,93.87,5.55,113.63,pomegranate
114,8,51,26.47,93.09,6.05,21.14,muskmelon
28,55,75,18.19,16.73,7.13,75.96,chickpea
45,61,76,19.94,14.99,6.66,76.85,chickpea
1,4,41,24.1,94.11,5.81,105.84,pomegranate
28,58,21,25.61,55.6,5.24,45.54,mothbeans
1,21,31,26.68,96.06,6.28,204.49,coconut
111,39,16,22.62,83.37,5.9,79.45,cotton
9,69,15,24.94,60.14,5.93,35.75,lentil
39,48,20,29.69,54.94,9.17,66.91,mothbeans
38,67,19,32.34,64.21,7.75,75.96,blackgram
47,70,16,32.3,66.29,7.78,69.67,blackgram
111,5,45,22.83,85.93,6.05,46.12,watermelon
21,135,201,38.87,83.37,6.38,70.24,grapes
17,25,35,19.12,86.36,6.02,116.07,pomegranate
38,56,23,25.88,64.72,7.46,79.21,blackgram
85,42,19,24.95,68.31,5.68,74.76,maize
34,12,8,31.64,92.43,6.25,110.5,orange
32,54,16,33.15,74.98,7.04,43.29,mungbean
31,56,22,27.09,60.43,5.72,53.79,lentil
39,65,24,25.85,66.42,7.04,69.12,blackgram
33,27,42,20.24,89.78,6.97,105.21,pomegranate
118,7,47,29.79,84.2,6.55,43.32,watermelon
31,22,31,31.94,53.75,4.92,93.93,mango
35,124,197,23.09,91.32,5.99,114.47,apple
38,57,17,26.36,64.96,7.25,45.62,lentil
134,53,22,24.6,78.02,5.99,60.66,cotton
26,127,203,19.15,80.52,6.42,71.62,grapes
2,137,196,21.42,91.58,5.73,104.71,apple
31,72,78,18.77,12.56,6.94,66.06,chickpea
112,57,20,24.8,75.07,7.07,98.17,cotton
29,33,18,28.8,62.07,6.52,47.31,mothbeans
137,35,20,25.77,83.95,5.97,92.31,cotton
25,43,17,29.26,60.1,5.22,31.51,mothbeans
91,20,48,25.64,90.9,6.77,22.76,muskmelon
108,25,45,26.27,90.9,6.04,23.5,muskmelon
18,74,20,30.71,34.95,5.08,130.97,pigeonpeas
85,37,39,29.07,99.08,7.19,189.51,rice
97,9,50,25.43,83.82,6.85,53.77,watermelon
10,141,201,12.49,80.62,6.07,65.4,grapes
107,7,45,31.04,90.61,6.1,22.04,muskmelon
39,54,18,24.47,17.01,5.81,156.46,kidneybeans
31,18,30,26.66,83.89,5.19,160.57,coconut
12,41,22,30.44,84.52,6.72,46.89,mungbean
37,64,20,28.84,67.91,7.17,79,blackgram
24,76,79,20.59,14.45,5.76,80.46,chickpea
83,17,48,28.38,83.91,6.49,40.44,watermelon
114,94,47,28.91,80.34,5.78,93.26,banana
4,30,21,29.5,47.9,5.67,36.97,mothbeans
39,59,84,18.28,16.46,8.22,62.68,chickpea
22,130,198,21.08,91.83,5.97,116.75,apple
36,55,15,20.56,40.35,7.02,173.92,pigeonpeas
11,55,20,23.35,66.72,5.67,45.35,lentil
95,45,41,23.09,98.6,7.16,296.43,rice
9,121,203,24.44,84.76,5.92,68.79,grapes
28,64,20,23.28,69.58,5.86,40.64,lentil
91,16,33,25.16,55.7,6.08,150.66,coffee
65,39,21,27.12,66.39,5.85,98.64,maize
69,39,41,24.46,86.43,7.18,168.77,jute
22,27,34,29.43,81.38,5.2,158.51,coconut
124,56,22,22.51,81.15,7.08,95.55,cotton
84,41,24,19.72,61.53,6.01,72.77,maize
9,120,204,8.55,82.79,6.46,74.21,grapes
17,135,195,9.63,82.04,5.81,71.33,grapes
31,56,22,23.09,15.63,5.6,147.2,kidneybeans
77,52,24,18.55,69.9,6.09,78.74,maize
52,46,55,35.2,93.14,6.94,245.62,papaya
84,83,46,31.19,80.77,5.58,107.11,banana
29,19,28,33.34,46.98,4.95,103.97,mango
37,63,18,32.31,61.16,6.22,159.41,pigeonpeas
33,4,36,22.27,92.82,7.39,116.47,pomegranate
32,25,26,25.37,87.47,5.23,206.14,coconut
5,142,195,21.67,80.74,6.16,67.26,grapes
33,71,22,30.33,64.01,7.04,72.42,blackgram
29,68,77,20.89,12.98,6.37,66.22,chickpea
34,58,17,19.5,61.3,5.66,50.72,lentil
84,40,16,24.61,63.81,5.69,109.61,maize
30,16,37,23.61,89.13,6.32,109.18,pomegranate
36,58,78,20.02,14.74,8.05,69.02,chickpea
75,49,37,34.18,80.03,7.31,230.77,rice
27,59,18,17.92,18.88,5.58,150.11,kidneybeans
29,22,11,16.13,93.45,6.68,100.8,orange
78,50,15,26.42,71.32,6.8,98.45,maize
111,23,29,24.98,58.71,7.19,114.17,coffee
71,38,39,38.81,93.55,7.26,242.33,rice
22,58,21,30,37.99,5.06,108.79,pigeonpeas
23,71,76,17.56,13.24,6.24,67.82,chickpea
10,51,22,28.86,73.01,6.49,40.26,mungbean
25,69,24,25.37,61.42,7.35,69.42,blackgram
81,31,37,25.67,73.85,6.79,167.21,jute
14,20,25,33.08,47.16,6.24,101.73,mango
109,36,32,27.15,54.44,7.41,159.16,coffee
107,51,15,22.41,83.17,5.86,64.97,cotton
43,75,21,31.16,63.12,7.56,74.26,blackgram
31,78,17,28.81,61.85,6.2,32.72,lentil
23,58,23,18.27,20.53,5.51,80.07,kidneybeans
19,44,17,25.29,60.83,3.63,31.94,mothbeans
29,60,81,20.69,18.47,5.78,81.74,chickpea
40,56,76,18.33,14.74,6.87,78.19,chickpea
36,18,41,18.83,92.14,5.88,117.24,pomegranate
15,70,18,19.79,44.21,6.86,123.78,pigeonpeas
70,55,20,26.73,63.19,5.72,74.41,maize
83,50,39,31.67,90.46,7.34,180.64,rice
96,71,53,25.23,79.37,6.12,115.79,banana
24,16,26,27.99,50.48,4.66,97.8,mango
102,8,45,29.28,91.88,6.07,20.78,muskmelon
57,76,75,19.27,11.07,8.45,68.54,chickpea
53,56,16,31.53,60.37,7.61,73.34,blackgram
4,8,12,18.11,93.88,6.62,103.04,orange
30,34,46,35.8,91.53,7,201.86,papaya
39,20,32,25.1,87.61,6.36,166.1,coconut
0,24,31,25.86,91.86,5.28,139.01,coconut
80,27,29,24.41,53.25,7.07,150.41,coffee
85,48,37,31.79,96.19,5.02,270.87,rice
102,14,51,20.64,81.67,6.03,50.23,watermelon
26,123,202,21.81,90.42,5.57,118.05,apple
119,53,20,23.29,79.99,6.73,93.53,cotton
64,59,16,29.6,71.5,6.95,109,maize
31,65,24,32.7,63.23,6.71,61.48,blackgram
11,26,7,16.88,92.81,6.46,108.8,orange
120,30,19,25.19,79.6,6.74,71.4,cotton
54,60,22,28.94,63.18,7,67.63,blackgram
38,57,57,23.1,91.2,6.91,214.57,papaya
39,52,15,16.34,23.2,5.57,116.78,kidneybeans
11,127,197,31.62,82.84,5.72,68.05,grapes
59,58,59,39.87,91.32,6.69,229.01,papaya
59,68,79,20.75,18.51,6.9,65.78,chickpea
24,59,18,28.01,67.46,7.48,70.65,blackgram
29,32,15,26.28,60.74,8.99,45.66,mothbeans
6,132,202,15.57,83.39,5.84,74.76,grapes
12,61,20,15.56,15.09,5.67,109.99,kidneybeans
43,69,43,42.31,90.77,6.77,115.63,papaya
9,32,22,29.59,88.48,5.68,50.15,mungbean
91,52,41,25.88,89.77,6.47,183.61,jute
7,10,6,33.56,91.13,6.12,101.9,orange
66,54,40,35.57,90.61,5,198.62,rice
21,5,9,28.15,91.46,6.6,116.45,orange
37,67,84,20.77,16.71,7.86,69.56,chickpea
85,72,49,28.52,80.84,6.2,108.63,banana
7,122,195,27.3,84.23,5.53,67.82,grapes
4,77,22,25.11,63.26,5.9,50.31,lentil
83,12,49,23.31,80.61,6.74,53.49,watermelon
61,37,42,32.84,94.34,6.57,235.56,papaya
68,46,49,41.17,91.4,6.86,97.93,papaya
37,43,15,25.77,42,3.73,47.29,mothbeans
125,47,23,25.38,84.79,6.23,90.43,cotton
49,63,75,19.18,18.14,6.03,83.37,chickpea
23,69,18,15.63,20.34,5.72,102.96,kidneybeans
26,37,23,27.39,49.14,5.15,60.63,mothbeans
38,144,198,23.3,94.01,5.96,104.13,apple
99,52,42,25.74,72.66,6.33,197.97,jute
32,70,79,19.76,13.52,5.63,86.1,chickpea
119,92,53,25.65,76.44,6.89,113.85,banana
29,139,197,23.01,93.02,6.41,116.96,apple
9,38,21,28.05,86.77,5.56,49.91,mungbean
102,55,17,23.93,75.66,6.44,99.25,cotton
95,20,29,27.13,69.59,6.48,152.1,coffee
24,36,38,22.79,89.58,5.52,102.66,pomegranate
31,50,19,16.33,17.26,6.18,60.93,kidneybeans
29,23,26,28.99,85.65,6.19,170.18,coconut
81,18,29,24.6,64.9,6.15,125.8,coffee
90,85,47,34.16,81.98,6.58,96.52,banana
29,76,19,23.3,39.98,5.17,118.23,pigeonpeas
28,41,23,30.93,72.75,5.89,30.97,mungbean
55,72,17,29.67,69.36,7.33,78.45,blackgram
38,64,21,19.83,66.22,5.69,32.3,lentil
12,19,9,18.6,93.14,7.23,111.54,orange
15,28,27,33.27,46.95,6.64,92.88,mango
27,30,17,31.65,76.51,6.73,37.79,mungbean
90,58,36,20.41,83.05,5.32,250.42,rice
30,8,28,26.9,83.41,5.03,195.37,coconut
45,37,55,24.48,94.82,6.64,227.45,papaya
109,43,19,23.87,79.65,7.26,78.53,cotton
6,142,195,32.04,82.52,5.51,73.33,grapes
34,50,15,36.05,47.74,5.32,189.56,pigeonpeas
18,49,24,25.08,52.47,6.68,32.19,mothbeans
17,67,23,27.45,68.4,6.57,38.62,lentil
8,137,200,23.49,93.97,5.59,119.34,apple
110,87,47,29.5,80.58,6.06,107.33,banana
1,130,196,23.41,92.44,6.25,113.68,apple
95,26,32,24.32,55.67,7.47,120.77,coffee
35,64,22,34.12,65.65,7.36,63,blackgram
85,25,52,34.89,91.05,6.52,25.75,muskmelon
59,64,83,20.63,13.76,7.55,79.85,chickpea
35,37,38,23.01,93.21,5.54,119.34,pomegranate
119,20,31,24.63,63.25,7.36,168.52,coffee
83,27,50,28.7,93.25,6.38,24.39,muskmelon
23,143,197,10.89,84.97,5.68,68.85,grapes
135,34,22,23.18,81.87,6.22,81.71,cotton
95,52,37,20.2,98.96,5.21,258.01,rice
131,51,20,22.27,84.68,7.37,75.12,cotton
76,47,44,24.15,74.98,7.28,156.23,jute
34,75,81,20.81,11.43,7.32,83.44,chickpea
14,70,18,20.1,65.59,5.63,51.28,lentil
123,41,17,22.4,75.82,6.92,77.7,cotton
32,28,30,25.91,97.88,6.46,219.93,coconut
40,79,77,18.41,10.51,6.98,86.47,chickpea
71,45,18,25.17,69.73,6.79,63.3,maize
107,23,45,29.79,88.56,6.66,42.83,watermelon
37,126,203,23.6,92.92,5.81,115.61,apple
15,136,196,22.01,94.67,6.09,104.94,apple
27,141,202,22.57,83.54,6.03,68.03,grapes
25,14,9,33.78,91.37,6.97,106.47,orange
68,48,24,23.26,67.46,5.74,108.66,maize
32,69,81,18.28,13.02,5.93,79.81,chickpea
107,16,53,29.67,81.21,6.37,52.36,watermelon
30,62,34,32.66,93.55,6.77,87.67,papaya
8,27,36,21.47,91.3,6.55,105.81,pomegranate
36,65,19,19.74,64.58,6.14,30.13,lentil
100,30,34,24.95,69.97,6.18,198.17,coffee
119,14,46,29.37,90.29,6.23,25.89,muskmelon
12,24,8,32.22,90.17,7.31,118.27,orange
35,74,78,20.76,17.55,6.1,75.27,chickpea
17,68,20,16.96,16.07,5.8,154.88,kidneybeans
28,77,24,22.42,52.62,7.34,105.47,pigeonpeas
50,67,80,19,13.09,5.57,88.36,chickpea
36,66,15,24.29,18.14,6.46,118.7,kidneybeans
89,12,50,33.9,93.91,6.06,27.72,muskmelon
16,76,23,19.76,15.47,5.57,152.56,kidneybeans
24,136,202,15.83,84.11,5.51,73.53,grapes
96,54,41,33.22,98.67,6.06,231.68,rice
34,57,23,23.87,69.96,6.68,55.11,lentil
77,35,43,24.78,76.31,6.91,196.31,jute
44,61,83,17.64,13.27,7.23,69.38,chickpea
39,139,202,11.41,83.73,5.88,71.54,grapes
92,39,19,22.93,66.91,5.98,82.21,maize
92,80,45,31.36,77.03,6.95,101.2,banana
19,123,201,15.24,81.98,5.8,69.28,grapes
95,22,46,29.17,92.12,6.03,24.57,muskmelon
54,53,53,43.04,92.88,6.56,200.45,papaya
94,36,15,29.05,71.55,6.65,88.67,maize
114,22,30,25.04,64.94,7.24,166.74,coffee
7,64,20,18.51,68.26,7.17,39.12,lentil
17,17,29,28.49,87.76,6.39,192.1,coconut
68,58,43,26.29,93.11,5.99,287.18,rice
30,57,24,18.62,46.18,6.13,172.29,pigeonpeas
1,126,195,12.56,83.14,5.51,74.66,grapes
67,52,20,20.8,69.39,5.59,97.24,maize
31,53,20,17.38,19.92,5.56,159.7,kidneybeans
111,85,52,31.25,80.79,5.63,91.82,banana
1,120,204,21.31,91.99,5.98,103.92,apple
102,38,25,26.89,50.45,7.4,170.72,coffee
11,32,19,31.94,61.68,4.52,67.37,mothbeans
35,1,35,21.01,91.18,5.74,104.48,pomegranate
21,50,21,21.46,38.59,5.47,120.78,pigeonpeas
23,14,34,28.84,82.95,6.01,214.5,coconut
76,44,44,23.59,87.68,6.36,180.2,jute
106,44,15,25.75,76.18,5.97,95.16,cotton
90,12,45,25.59,88.73,6.66,54.71,watermelon
47,78,24,27.87,66.09,6.91,70.51,blackgram
12,133,200,23.65,94.21,6.46,123.64,apple
28,126,201,30.62,80.92,6.49,72.98,grapes
113,48,17,23.72,77.3,6.74,82.82,cotton
69,54,47,30.61,94.35,6.83,215.71,papaya
27,68,20,18.48,23.46,6.12,141.37,kidneybeans
25,22,29,25.61,82.59,5.42,198.85,coconut
84,21,51,24.11,84.96,6.75,58.54,watermelon
51,60,42,36.52,91.07,6.57,62.82,papaya
27,136,197,21.1,94.26,6.47,115.78,apple
92,57,35,34.73,86.64,7.33,270.34,rice
71,53,19,24.41,57.74,7.12,83.45,maize
39,23,33,28.9,52.33,6.53,99.01,mango
105,5,46,28.76,94.72,6.67,22.65,muskmelon
15,61,22,28.94,65.92,5.23,155.34,pigeonpeas
17,65,20,20.81,20.75,5.95,99.11,kidneybeans
40,50,42,40.56,94.92,6.54,61.24,papaya
82,33,25,25.04,53.54,6.94,127.63,coffee
98,55,18,27.49,50.35,6.57,82.74,maize
37,1,38,22.96,89.85,6.49,116.92,pomegranate
52,56,84,19.57,14.5,7.54,70.34,chickpea
29,59,20,31.14,89.87,6.1,39.01,mungbean
38,25,33,35.33,45.96,6.94,88.59,mango
36,25,13,29.58,92.62,6.34,104.05,orange
5,33,30,34.25,53.5,6.27,94.15,mango
17,14,7,19.51,94.07,6.14,103.5,orange
72,40,16,21.07,58.2,5.52,97.35,maize
133,45,19,23.06,79.24,6.82,90.73,cotton
56,56,22,26.31,61.72,6.56,66.15,blackgram
14,27,32,27.7,86.41,5.96,168.67,coconut
34,39,19,34.8,80.81,6.04,43.35,mungbean
13,43,20,25.84,49.64,4.15,39.11,mothbeans
88,40,38,33.43,86,5.79,262.78,rice
13,69,17,34.33,66.69,5.14,199.6,pigeonpeas
70,55,40,29.67,88.71,6.83,190.26,rice
1,143,199,21.49,93.41,6.33,111.62,apple
86,57,39,26.08,77.75,6.96,159.96,jute
27,19,10,29.03,90.74,6.43,104.42,orange
29,125,200,23.99,94.7,5.88,104.48,apple
111,46,19,22.26,77.63,7.4,74.31,cotton
30,20,9,14.41,92.54,6.77,119.03,orange
65,48,20,27.51,54.25,5.66,103.54,maize
30,56,22,29.1,61.76,7.07,44.55,lentil
109,77,53,29.56,82,6.57,98.92,banana
86,13,49,24.75,86.89,6.16,53.93,watermelon
0,27,31,29.8,97.53,6.06,198.29,coconut
22,71,15,20.37,21.16,5.78,90.99,kidneybeans
31,62,19,26.18,61.49,6.86,60.31,blackgram
102,85,47,29.21,82.25,6.17,97.29,banana
111,29,32,25.14,63.61,7.49,150.82,coffee
31,55,24,32.49,67.27,7.23,61.23,blackgram
99,5,47,28.84,94.14,6.08,22.79,muskmelon
87,34,32,27.66,53.56,7.42,145.02,coffee
24,131,202,22.7,91.16,6.27,106.3,apple
87,19,51,31.69,91.02,6.81,28.93,muskmelon
28,64,15,36.85,36.6,7.22,107.28,pigeonpeas
107,26,48,28.11,94.95,6.01,24.85,muskmelon
27,70,22,34.79,60.02,6.53,72.51,blackgram
1,79,19,20.71,67.43,5.68,55.33,lentil
5,38,33,31.5,49.56,6,87.92,mango
99,79,47,34.05,82.07,5.81,95.88,banana
116,86,49,33.95,82.03,6.64,106.14,banana
45,56,38,38.67,92.82,6.58,124.39,papaya
20,19,43,21.34,90.63,6.35,115.13,pomegranate
97,20,46,33.19,93.29,6.17,27.42,muskmelon
9,28,33,27.08,80.26,5.46,145.07,coconut
63,55,40,24.24,78.07,6.09,197.86,jute
4,27,27,26.2,92.9,5.84,134.99,coconut
18,32,27,32.42,54.52,6.6,85.25,mango
23,129,198,22.77,90.17,6.2,115.74,apple
0,47,20,31.58,47.62,7.99,70.66,mothbeans
60,48,37,39.49,91.07,6.74,168.94,rice
64,55,44,22.16,80.51,5.78,251.6,rice
67,49,42,25.99,71.34,7.49,161.34,jute
20,64,20,18.68,17.55,5.6,117.39,kidneybeans
15,23,29,27.05,53.7,4.67,88.85,mango
96,46,16,27.99,62.46,6.93,85.44,maize
38,65,52,28.72,93.45,6.71,126.86,papaya
94,6,52,32.27,91.64,6.51,22.76,muskmelon
14,14,7,33.62,90.79,6.95,109.51,orange
96,11,48,30.84,93.19,6.48,26.57,muskmelon
35,70,22,25.66,66.12,5.84,59.1,lentil
87,33,43,23.93,87.33,6.31,170.62,jute
7,27,5,33.67,91.71,6.46,104.49,orange
38,75,82,18.58,18.16,7.74,77.35,chickpea
43,55,80,17.97,11.44,6.79,78.44,chickpea
37,144,201,22.47,92.37,6.37,118.76,apple
118,18,47,26.79,88.88,6.39,48.35,watermelon
26,24,10,18.87,94.4,7.3,103.05,orange
78,46,37,29.46,98.02,6.99,175.45,rice
81,30,32,26.31,60.85,7.46,163.84,coffee
29,73,84,18.21,17.23,5.53,79.61,chickpea
20,65,22,19.9,56.47,5.62,128.03,pigeonpeas
126,45,21,25.34,80.9,6.87,92.25,cotton
36,25,31,32.62,53.68,4.92,90.86,mango
39,27,28,31.9,49.23,6.86,85,mango
71,31,39,25.47,70.63,7.09,186.2,jute
27,24,29,26.63,96.73,5.56,219.01,coconut
5,11,10,13.2,90.78,7.04,115.25,orange
73,41,42,23.41,80.25,7.22,160.62,jute
85,87,53,26.18,77.13,6.21,112.39,banana
14,29,29,25.14,80.77,5.73,216.06,coconut
45,69,81,20.07,14.17,7.42,74.94,chickpea
117,23,46,25.34,92.16,6.69,29.9,muskmelon
82,79,48,29.13,78.24,6.06,114.83,banana
119,88,52,34.12,75.09,5.95,114.67,banana
15,133,197,23.11,91.73,6.31,119.91,apple
4,26,36,19.28,88.93,5.67,117.54,pomegranate
20,143,203,20.44,80.55,5.61,65.21,grapes
115,9,45,26.62,84.53,6.27,58.54,watermelon
8,43,20,28.96,51.83,7.44,62.22,mothbeans
7,45,19,34.41,70.43,5.99,45.88,mungbean
80,56,23,21.31,69.75,6.33,106.71,maize
29,52,22,21.58,18.55,6.15,64.43,kidneybeans
87,48,24,22.3,59.95,5.88,66.11,maize
23,8,44,23.2,89.67,7.37,110.65,pomegranate
34,72,21,19.89,20.77,5.77,101.42,kidneybeans
66,53,43,25.99,80.49,6.31,155.52,jute
31,71,16,24.53,20.23,6.28,132.08,kidneybeans
82,55,41,37.23,91.55,6.76,156.87,rice
3,63,15,27.61,64.75,5.92,53.87,lentil
2,33,34,33.27,46.93,5.43,98.15,mango
37,44,50,42.12,90.49,6.97,227.39,papaya
68,36,46,34.74,90.29,6.67,222.19,papaya
18,10,11,23.65,90.59,6.42,115.37,orange
28,142,195,21.41,84.66,6,65.22,grapes
24,33,41,24.59,91.91,7.08,104.79,pomegranate
13,79,16,20.31,15.08,6.15,104.01,kidneybeans
46,66,80,20.39,14.31,8.15,81.83,chickpea
20,21,28,25.77,96.46,6.22,172.61,coconut
101,6,49,30.24,92.21,6.27,28.36,muskmelon
2,126,204,39.05,80.5,6.03,72.27,grapes
84,75,52,30.86,79.93,6.63,101.55,banana
29,130,195,23.85,91.28,6.15,122.07,apple
29,21,5,26.2,91.7,6.79,113.85,orange
19,22,32,27.29,87.82,6.13,217.48,coconut
27,38,22,24.26,60.35,4.11,69.06,mothbeans
65,68,46,33.46,90.64,7,138.48,papaya
21,30,15,29.36,59.34,8.69,49.09,mothbeans
1,46,17,28.21,87.94,6.81,32.63,mungbean
118,52,22,22.61,84.32,5.99,60.35,cotton
88,40,41,25.28,89.77,7.26,276.92,rice
20,51,15,25.31,43.51,7.8,62.47,mothbeans
20,30,23,25.99,42.33,7.54,66.95,mothbeans
11,59,22,26.22,69.69,6.45,35.29,lentil
0,7,9,19.91,92.43,6.07,110.57,orange
37,70,20,22.91,18.6,6.4,113.69,kidneybeans
19,57,22,36.42,65.88,5.05,179.91,pigeonpeas
116,89,49,32.2,81.06,6.64,105.14,banana
1,23,32,27.29,81.6,5.83,142.41,coconut
28,132,197,22.39,94.68,6.43,118,apple
91,32,36,25.59,81.38,7.3,181.54,jute
106,34,18,23.51,75.83,5.66,91.85,cotton
91,26,47,28.38,87.95,6.41,44.83,watermelon
111,5,53,25.26,91.02,6.94,25.71,muskmelon
83,71,53,29.76,79.46,6.05,105.79,banana
33,71,80,18.26,11.73,8.24,70.27,chickpea
34,70,19,26.33,61.2,6.53,47.26,lentil
18,46,17,24.54,42.46,7.85,51.92,mothbeans
38,31,22,27.57,79.4,5.88,55.25,mungbean
15,22,29,34.89,52.28,4.72,97.72,mango
8,52,24,29.03,89.23,6.39,41.91,mungbean
26,66,16,37.76,65.27,6.23,124,pigeonpeas
32,31,32,35.07,48.91,5.27,86.05,mango
21,10,29,28.62,88.66,6.42,145.18,coconut
66,49,48,43.94,94.6,6.97,235.01,papaya
31,19,33,27.18,50.56,5.84,101.24,mango
13,27,12,15.25,90.49,6.96,101.48,orange
38,31,17,29.15,50.08,4.91,50.66,mothbeans
90,18,49,32.35,91.78,6.92,22.2,muskmelon
42,67,20,29.63,65.55,7.57,63.52,blackgram
99,28,48,25.51,82.94,6.75,49.92,watermelon
23,45,17,29.32,77.89,5.76,32.48,mungbean
15,59,19,17.62,23.63,6.03,123.91,kidneybeans
8,13,27,29.36,86.25,6.37,222.39,coconut
34,53,22,20.35,34.56,5.27,111.85,pigeonpeas
28,77,80,20.1,13.81,7.1,70.78,chickpea
32,34,25,30.43,53.54,6.4,103.43,mango
100,46,19,22.37,84.7,7.12,85.92,cotton
28,59,21,31.25,40.8,6.51,105.09,pigeonpeas
20,49,18,29.78,80.79,7.11,43.26,mungbean
95,13,54,29.72,85.77,6.01,56.28,watermelon
86,28,32,25.46,64.62,6.91,131.05,coffee
87,43,37,25.54,74.14,6.53,193.5,jute
64,68,35,36.04,90.91,6.61,112.5,papaya
119,34,28,24.19,67.26,7.37,176.3,coffee
16,40,18,31.75,70.48,6.11,59.63,mungbean
39,28,9,17.98,94.87,6.71,103.26,orange
5,74,22,24.69,60.41,6.16,33.47,lentil
29,128,203,21.93,92.05,6.07,104.16,apple
38,72,81,20.25,10.63,7.83,73.73,chickpea
34,61,23,15.42,22.19,6.05,158.98,kidneybeans
16,9,33,25.96,85.6,5.78,217.01,coconut
17,57,15,25.7,65.83,5.94,58.07,lentil
27,138,202,22.64,91.57,6.15,108.05,apple
20,66,24,29.79,52.14,7.1,180.02,pigeonpeas
92,29,32,23.84,61.58,6.07,187.77,coffee
32,23,33,26,91.4,6.12,209.13,coconut
15,32,32,30.43,51.42,5.9,102.12,mango
0,29,30,29.46,52.45,6.49,88.62,mango
19,53,15,18.08,18.6,5.77,73.25,kidneybeans
20,71,21,16.66,16.39,5.71,80.69,kidneybeans
119,38,20,24.15,76.46,6.71,70.1,cotton
5,46,19,32.22,73.92,6.73,52.07,mungbean
68,39,35,24.9,89.5,7.12,160.92,rice
135,34,24,25.44,83.01,5.88,78.99,cotton
61,64,47,33.98,94.7,6.91,171.9,papaya
23,63,21,18.09,22.42,6.24,71.94,kidneybeans
32,30,29,28.38,54.92,5.58,85.52,mango
83,36,32,27.13,68.46,7.38,198.38,coffee
4,31,27,28.9,52.53,6.15,86.79,mango
29,11,34,25.17,86.2,6.17,211.19,coconut
23,76,22,30.46,50.9,6.05,135.59,pigeonpeas
99,27,34,23.38,66.68,6.96,189.04,coffee
116,21,51,29.49,92.09,6.57,28.27,muskmelon
2,15,7,27.9,90.6,7.16,112.94,orange
26,7,43,24.75,89.86,5.54,117.19,pomegranate
34,59,15,27.22,36.72,6.43,180.39,pigeonpeas
90,39,26,25.27,51.78,6.2,193.82,coffee
102,5,48,31.45,94.47,6.62,20.43,muskmelon
15,14,44,21.92,90.8,6.02,110.07,pomegranate
86,41,20,26.23,68.62,5.6,90.32,maize
21,78,18,15.02,22.74,6.23,133.09,kidneybeans
11,23,39,22.69,91.24,6.03,119.33,pomegranate
118,19,34,24.11,63.89,6.51,164.71,coffee
26,70,81,20.36,11.48,7.54,60.95,chickpea
24,18,42,19.26,85.19,6.91,117.25,pomegranate
110,27,53,25.16,90.6,6.26,25.55,muskmelon
18,52,20,21,21.08,6.28,129.05,kidneybeans
46,51,48,26.57,94.66,6.69,70.13,papaya
9,22,29,32.72,47.72,6.45,86.6,mango
81,45,16,22.34,68.91,6.75,98,maize
25,74,18,18.05,62.36,5.74,45.91,lentil
33,58,78,20.56,17.43,8.18,71.6,chickpea
87,12,47,27.92,92.43,6.8,23.92,muskmelon
11,78,16,26.32,53.63,7.01,164.62,pigeonpeas
1,35,31,33.09,51.97,6.11,90.23,mango
104,27,53,20.75,88.93,6.42,55.12,watermelon
83,52,44,23.96,79.52,6.42,158.35,jute
30,66,23,26.49,66.4,7.71,73.29,blackgram
10,3,38,24.63,86.17,6.94,108.7,pomegranate
15,138,196,23.24,90.83,5.94,124.3,apple
111,13,47,25.96,87.34,6.09,50.06,watermelon
37,35,54,23.64,90.19,6.77,241.19,papaya
33,130,196,21.57,91.3,5.8,112.85,apple
37,25,9,31.2,91.5,7.5,101.69,orange
84,75,48,25.54,78.34,6.69,118.31,banana
104,33,19,22.6,75.73,7.04,87.51,cotton
26,126,199,23.91,82.67,6.03,73.21,grapes
27,61,81,19.41,18.74,6.06,82.85,chickpea
85,16,28,23.35,52.46,6.79,179.47,coffee
70,42,40,22.77,84.63,6.73,255.96,rice
118,59,20,23.11,80.67,5.9,62.04,cotton
2,36,26,31.39,48.92,6.96,98.19,mango
39,56,56,31.88,92.85,6.93,171.5,papaya
33,71,15,16.54,22.12,6.13,133.97,kidneybeans
23,78,21,33.35,69.5,7.33,74.16,blackgram
21,65,82,20.06,19.78,7.44,72.61,chickpea
20,11,39,22.77,90.54,6.11,114.85,pomegranate
13,42,21,28.1,44.02,4.82,67.56,mothbeans
4,140,196,26.79,81.91,6.09,73.52,grapes
39,38,33,27.15,48.6,4.61,101.15,mango
37,74,20,27.36,66.63,6.6,78.62,blackgram
65,35,41,23.48,83.42,6.2,152.01,jute
1,56,16,28.11,63.71,4.5,73.03,mothbeans
8,55,15,33.58,83.79,6.05,46.61,mungbean
91,55,36,24.18,85.45,6.7,154.55,jute
17,20,42,18.7,91.47,6.17,102.76,pomegranate
24,76,22,34.99,64.14,6.93,71.21,blackgram
92,32,28,24.11,52.83,6.15,118.51,coffee
31,68,16,19.12,21.87,6.36,68.67,kidneybeans
38,5,5,26.92,94.34,7.49,117.24,orange
20,70,15,16,22.84,5.96,72.42,kidneybeans
12,27,41,22.99,92.08,6.97,105.12,pomegranate
92,16,46,25.05,89.14,6.22,47.27,watermelon
63,56,23,25.38,62.68,6.43,87.72,maize
115,28,54,33.1,92.95,6.76,23.41,muskmelon
91,74,50,32.66,75.44,5.54,95.93,banana
11,56,18,23.83,65.27,5.75,51.29,lentil
38,34,37,22.54,91.5,6.37,112.52,pomegranate
32,138,199,22.18,90.36,5.99,118.51,apple
15,54,20,24.58,17.32,5.91,78.45,kidneybeans
106,71,45,30.19,76.72,6.79,102.33,banana
67,43,43,39.34,85.58,6.6,209.95,rice
36,56,21,27.45,65.47,7.31,71.15,blackgram
26,38,38,23.12,92.34,7.41,111.38,pomegranate
22,19,29,29.3,54.13,6.31,95.19,mango
85,18,52,29.08,92.92,6.14,22.6,muskmelon
24,52,17,22.38,51.06,5,190.97,pigeonpeas
26,78,19,22.08,19.38,5.79,129.28,kidneybeans
103,82,48,27.64,79.99,6.14,103.2,banana
103,30,26,24.08,58.1,6.48,130.31,coffee
16,77,19,24.67,67.1,7.01,34.11,lentil
32,43,23,27.58,42.97,6.48,59.4,mothbeans
113,92,45,31.77,78.79,6.68,93.33,banana
73,49,16,22.2,74.19,6.9,79.6,maize
31,26,25,25.07,96.14,6.31,188.66,coconut
80,39,44,37.41,85.97,6.6,241.35,rice
79,44,38,25.17,75.29,6.89,178.06,jute
58,65,24,33.58,63.35,6.85,61.97,blackgram
73,52,21,28.22,71.31,7.22,79,maize
73,54,16,22.52,54.06,7.16,98.55,maize
24,125,196,31.87,82.8,6.34,73.17,grapes
6,52,18,30.03,75.26,6.34,37.19,mungbean
12,143,195,19.41,81.41,5.9,66.95,grapes
98,56,35,34.41,93.63,6.34,190.02,rice
116,15,45,21.53,83.74,6.82,56.4,watermelon
37,45,37,37.86,91.75,6.9,228.11,papaya
69,57,57,43.5,93.32,6.57,133.43,papaya
57,79,76,21,14.79,6.23,78.13,chickpea
72,52,37,26.22,81.72,6.94,183.49,jute
11,58,16,21.99,65.39,6.31,159.38,pigeonpeas
50,55,80,20.72,14.07,8.31,86.35,chickpea
79,40,20,24.9,74.82,6.09,108.9,maize
58,52,55,30.89,92.59,6.96,120.34,papaya
25,77,16,23.04,24.81,6.45,66.89,kidneybeans
42,58,78,19.08,11.16,6.12,77.49,chickpea
31,124,201,21.94,91.62,6.01,100.59,apple
47,78,78,20.05,15.74,7.09,71.94,chickpea
4,16,5,30.09,92,7.29,107.09,orange
18,16,8,26.94,93.52,6.38,114.95,orange
119,28,27,24.95,67.69,6.13,188.41,coffee
108,25,34,24.18,58.1,7.17,123.19,coffee
11,60,17,20.39,18.24,6.2,88.93,kidneybeans
16,11,14,15.43,91.78,6.21,117.98,orange
24,14,6,25.99,91.38,6.55,118.47,orange
11,58,16,30.17,57.75,5.1,187.85,pigeonpeas
116,29,26,25.02,55.21,7.03,192.44,coffee
98,35,18,23.32,73.76,7.21,64.97,maize
116,31,24,25.59,84.23,6.09,62.12,cotton
115,40,18,23.96,82.24,7.32,63.58,cotton
21,66,16,27.59,64.56,6.63,165.59,pigeonpeas
16,33,15,26.35,63.68,8.32,73.05,mothbeans
51,70,19,26.8,65.09,7.22,69,blackgram
39,8,28,28.16,94.9,6.28,184.5,coconut
31,58,21,15.85,16.34,5.62,90.54,kidneybeans
88,8,54,27.31,93.71,6.21,23.72,muskmelon
19,129,198,22.64,90.54,5.72,124.38,apple
60,37,42,26.18,88.89,7.45,155.67,jute
115,89,46,28.09,78.43,6.05,90.24,banana
71,38,36,26.08,79.46,7.14,153.26,jute
34,68,15,32.03,68.21,6.97,77.22,blackgram
42,73,76,20.42,18.97,7.98,75.46,chickpea
85,54,39,21.27,87.63,7.49,229.37,rice
11,126,196,23.39,92.94,6.27,108.25,apple
39,56,21,23.48,21.54,6.36,135.96,kidneybeans
34,64,18,21.42,63.51,7.46,56.23,lentil
83,16,50,20.33,82.9,6.42,44.46,watermelon
35,19,34,30.51,48.45,6.35,104.36,mango
19,27,25,26.19,86.13,5.67,171.13,coconut
18,5,30,25.48,95,5.94,137.72,coconut
67,42,40,43.12,90.67,6.93,247.11,papaya
3,37,42,18.98,86.12,6.97,118.66,pomegranate
65,51,42,26.48,76.5,6.62,182.98,jute
35,54,20,29.55,64.15,6.88,64.65,mothbeans
75,42,44,26.21,75.47,7.22,177.33,jute
32,138,199,21.15,91.41,5.62,112.24,apple
30,122,196,23.29,90.67,6.27,122.45,apple
31,27,31,29,48.95,5.85,94.21,mango
5,142,204,16.65,83.95,6.14,67.49,grapes
29,17,28,34.68,54.54,5.94,85.03,mango
37,65,18,21.6,42.76,5.55,188.53,pigeonpeas
46,57,23,33.87,69.03,7.33,60,blackgram
33,67,47,42.93,91.94,6.7,186.25,papaya
38,74,15,22.24,64.56,5.83,57.72,lentil
61,57,20,28.98,55.53,5.63,101.19,maize
102,45,16,23.75,79.88,7.03,61.45,cotton
92,7,50,26.28,85.46,6.38,57.52,watermelon
116,6,48,27.42,81.31,6.45,52.63,watermelon
64,40,38,31.77,84.6,5.55,160.65,rice
18,71,23,23.01,64.92,6.88,37.34,lentil
21,69,82,17.19,17.41,6.71,67.03,chickpea
96,35,35,24.07,70.94,6.18,169.58,jute
117,9,45,20.23,85.12,6.15,57.34,watermelon
24,72,15,30.29,55.34,6.01,196.19,pigeonpeas
22,47,17,26.07,49.7,7.28,49.49,mothbeans
22,33,35,18.06,91.3,6.93,119.59,pomegranate
57,69,79,17.61,13.3,6.64,85,chickpea
15,15,36,24.76,93.66,5.68,117.05,pomegranate
39,30,36,23.97,91.57,7.1,101.06,pomegranate
2,144,198,21.56,93.47,6.04,108.28,apple
25,123,203,11.29,81.48,6.01,73.36,grapes
28,53,16,28.86,89.63,7.08,52.7,mungbean
79,53,22,23.39,73.1,6.63,91.76,maize
93,41,16,26.43,57.72,6.18,60.31,maize
67,37,39,28.47,89.34,6.82,251,rice
29,44,18,25.75,52.19,3.88,46.62,mothbeans
61,53,19,25.82,72.9,5.86,89.27,maize
87,7,47,25.91,85.28,6.86,55.21,watermelon
84,34,26,23.64,61.94,7.39,131.99,coffee
29,62,15,21.14,16.97,6.09,98.88,kidneybeans
24,56,24,24.61,30.11,6.68,189.76,pigeonpeas
34,135,200,34.14,81.1,5.77,70.82,grapes
26,44,20,26.86,59.6,5.41,39.9,mothbeans
82,57,44,25.51,89.55,6.01,197.93,jute
47,58,22,29.59,67.14,7.18,60.08,blackgram
26,24,26,27.74,49.89,6.17,95.19,mango
80,23,29,26.32,69.63,7.35,160.96,coffee
117,24,48,33.41,93.31,6.88,20.36,muskmelon
49,63,59,28.15,91.13,6.82,85.35,papaya
96,29,45,22.61,83.02,6.31,51.28,watermelon
2,33,25,32.24,54.88,4.74,95.45,mango
118,20,54,28.77,86.79,6.9,48.99,watermelon
86,46,37,25.09,85.36,6.23,191.22,jute
119,12,45,25.2,83.43,6.61,48.67,watermelon
71,32,42,24.41,77.76,6.28,197.25,jute
7,58,20,28.51,40.47,7.82,59.78,mothbeans
4,39,23,32.82,85.31,7.26,42.42,mungbean
20,126,202,35.65,84.97,5.75,73.21,grapes
15,21,28,32.27,49.78,6.18,87.02,mango
36,27,25,28.33,86.37,5.76,140.78,coconut
13,25,29,25.73,85.46,5.48,223.6,coconut
62,60,54,42.97,91.21,6.89,175.68,papaya
88,51,43,25.12,88.02,6.89,198.09,jute
85,35,31,23.93,54.93,7.43,171.52,coffee
50,64,79,19.28,11.95,7.16,62.21,chickpea
30,34,39,25.15,93.14,6.74,178.69,papaya
51,45,43,25.44,92.77,6.67,116.8,papaya
114,11,52,21.11,89.47,6.08,46.59,watermelon
21,35,21,26.92,56.33,8.51,53.25,mothbeans
22,31,18,27.68,80.04,7.05,33.91,mungbean
34,7,7,18.14,92.4,7.08,109.4,orange
107,7,49,34.17,91.32,6.03,23.38,muskmelon
103,35,30,27.59,65.44,7.1,143.15,coffee
21,0,36,19.2,89.77,6.88,117.38,pomegranate
24,58,21,26.57,62.9,9.17,47.36,mothbeans
100,19,54,25.97,91.49,6.34,25.64,muskmelon
32,31,28,27.61,47.19,5.25,96.98,mango
77,45,37,25,98.47,6.11,279.2,rice
116,45,24,25.77,78.54,6.71,88.73,cotton
28,32,24,24.85,59.67,5.31,33.89,mothbeans
38,79,82,20.1,15.78,7.66,77.51,chickpea
139,38,19,22.38,83.45,5.94,78.38,cotton
14,75,23,35.39,32.99,6.23,116.5,pigeonpeas
18,137,201,23.74,93.34,6.33,117.66,apple
18,28,34,29.57,82.41,5.96,220.48,coconut
56,66,15,29.83,65,6.75,78.47,blackgram
102,17,46,28.81,93.73,6.92,21.32,muskmelon
93,46,21,25.7,64.93,5.54,99.34,maize
37,79,23,16.27,23.66,5.75,131.14,kidneybeans
32,20,26,27.79,45.89,6.35,103.74,mango
18,66,18,26.22,45.32,6.21,156.99,pigeonpeas
10,43,23,29.91,81.74,7.43,42.42,mungbean
102,81,53,25.93,76.04,6.33,90.96,banana
85,54,40,32.53,85.49,5.19,192.86,rice
74,39,17,29.37,62.16,5.95,66.88,maize
36,139,196,18.52,81.59,6.5,69.86,grapes
38,6,34,25.33,86.47,5.72,157.49,coconut
37,46,36,43.7,93.17,6.67,197.88,papaya
31,31,43,22.35,87.82,7,113.34,pomegranate
32,59,17,15.75,17.03,6.28,118.47,kidneybeans
116,20,30,27.04,51.97,7.25,189.41,coffee
120,36,15,22.21,81.55,7.07,98.15,cotton
68,39,43,24,92.29,7,95.27,papaya
16,69,16,29.1,69.78,5.63,59.26,lentil
90,12,48,29.42,91.99,6.91,22.68,muskmelon
57,57,17,28.69,63.79,6.59,68.55,blackgram
12,72,19,19.61,67.16,6.47,33.28,lentil
22,66,23,27.5,65.27,6.19,98.69,pigeonpeas
27,68,17,25.45,68,7.39,54.26,lentil
103,12,53,26.45,89.65,6.35,40.6,watermelon
100,14,46,21.73,86.87,6.89,45.62,watermelon
37,71,20,36.01,62.02,6.69,158.23,pigeonpeas
0,22,30,26.84,97.97,5.25,150.21,coconut
20,126,199,38.13,84.41,6.31,68.05,grapes
82,28,45,26.87,83.75,6.31,58.17,watermelon
16,58,23,18.38,20.78,6.07,108.53,kidneybeans
4,143,198,27.7,80.59,6.42,74.2,grapes
5,11,13,28.84,90.56,6.25,108.26,orange
32,55,20,22.48,64.85,6.18,57.32,lentil
86,25,52,27.83,90.99,6.88,29.51,muskmelon
34,63,24,22.76,17.37,6.31,118.79,kidneybeans
88,40,19,20.74,58.47,6.41,80.8,maize
36,23,32,31.36,45.68,5.87,89.85,mango
31,7,38,21.24,89.74,5.54,103.32,pomegranate
83,15,46,25.02,85.08,6.05,45.45,watermelon
112,36,31,27.15,62.83,7.14,177.14,coffee
11,73,22,20.96,63.27,6.66,56.75,lentil
93,44,24,29.81,61.54,6.06,79.09,maize
11,53,21,27.42,83.1,5.52,41.66,mungbean
119,58,20,23.62,83.49,6.07,84.42,cotton
115,41,15,23.21,84.54,5.89,82.77,cotton
18,54,22,35.99,62.22,7.01,156,pigeonpeas
25,74,17,18.97,18.73,5.91,116.5,kidneybeans
94,35,44,24.99,88.62,6.77,168.9,jute
36,52,23,21.66,46.03,7.41,119.9,pigeonpeas
22,131,196,18.62,80.77,5.56,71.92,grapes
51,66,16,30.91,68.18,6.64,69.94,blackgram
88,38,37,39.37,91.58,6.36,262.2,rice
32,9,37,24.23,94.16,6.76,117.59,pomegranate
98,78,48,31.95,82.16,6.24,98.05,banana
2,39,31,32.34,54.7,6.07,93.08,mango
102,30,23,23.01,76.87,6.5,86.33,cotton
80,27,50,28.68,86.99,6.65,49.12,watermelon
93,48,43,34.87,89.49,5.65,187.09,rice
94,10,53,22.97,85.35,6.25,55.6,watermelon
21,124,198,21.05,91.62,6.14,114.89,apple
89,86,48,25.82,83.43,6.27,109.31,banana
107,17,26,26.9,50.36,6.06,127.36,coffee
81,46,42,23.18,76.65,6.61,181.35,jute
85,47,15,22.18,58.33,6.84,102.89,maize
